# Paper and specification claims, traced: claim -> exact theorem -> exact assumptions -> implementation -> test.
# Checked by scripts/check_claim_trace.py: every theorem must be in LEAN_AXIOM_LEDGER.tsv resting on core axioms
# only, every implementation symbol and test must exist. A row with no theorem must say why in `status`.
# Paths: lean files relative to the repo; Rust as file::symbol, with C = dsm_client/deterministic_state_machine/dsm/src,
# S = dsm_client/deterministic_state_machine/dsm_sdk/src, P = crates/dsm-sphincs/src.
id	source	claim	theorems	assumptions	implementation	tests	status
C01	2025/592 Thm 2	At most one realized successor per consumed resource key	lean4/DSMGuardedTripwire.lean:realized_unique_at_key	well-formed guard family (hypothesis); Assumption 4 is outside the model	—	—	PROVED over the abstract model; implementation enforcement per 2025/592 App. D
C02	2025/592 Thm 4	Guarded Tripwire: no key-scoped realized fork	lean4/DSMGuardedTripwire.lean:guarded_tripwire_at_key,lean4/DSMGuardedTripwire.lean:guarded_tripwire_exists	well-formed guard family (hypothesis)	—	—	PROVED over the abstract model
C03	2025/592 Assumption 3	Canonical encodings are injective	lean4/DSMGuardedTripwire.lean:canonical_encode_injective	none for the model encoding	C/ccb/mod.rs	dsm_client/deterministic_state_machine/dsm/tests/ccb_conformance.rs	PROVED for the model encoding; CCB codec refinement open (CONFORMANCE_GAPS)
C04	2025/592 Def 36 cl. 2	Equal candidate digests bind one state	lean4/DSMGuardedTripwire.lean:candidate_digest_binds_or_collides	Assumption 1 (as an explicit collision disjunct)	—	—	PROVED as reduction: same state, or a digest collision
C05	SAHA; 2025/592 offline	One correct appliance commits at most one package per SMT anchor origin	lean4/DSMOfflineAnchorOrigin.lean:offline_anchor_origin_unique	the module's appliance model; no cryptographic premise	—	—	PROVED over the model
C06	Concise §11.1	Extending a valid EK certificate chain with a cert from the chain head stays valid	lean4/DSMCertChain.lean:extendChain_preserves_validity,lean4/Sphincs/Signer.lean:signer_correct	signature correctness (SigScheme.round_trip), proved for the model signer by signer_correct	C/crypto/ephemeral_key.rs::sign_ek_cert,C/crypto/ephemeral_key.rs::verify_ek_cert	—	PROVED; correctness premise discharged for the model signer, not the Rust binary
C07	Concise §11.1	An honest cert for one EK key cannot be reused for another	lean4/DSMCertChain.lean:cert_substitution_attack_resistant,lean4/Sphincs/Proofs.lean:changed_cert_fields_same_digest_is_collision,lean4/Sphincs/Proofs.lean:cert_preimage_binding	Assumption 1 (collision), Assumption 2 (EUF-CMA)	C/crypto/ephemeral_key.rs::derive_ek_cert_hash	C/crypto/sphincs_refinement_tests.rs::export_wrapper_vectors	PROVED as reduction: reuse yields a collision or a forgery
C08	Concise Thm 2; Explainer §80	A signature over one domain-separated digest cannot be retargeted to another domain or payload	lean4/DSMCryptoBinding.lean:cross_domain_signature_retargeting_impossible	Assumption 1 (collision), Assumption 2 (EUF-CMA)	C/crypto/blake3.rs::dsm_domain_hasher	—	PROVED as reduction
C09	dBTC spec (claim key)	The claim key binds (preimage, hash_lock)	lean4/DSMCryptoBinding.lean:math_owned_claim_retargeting_impossible	Assumption 1 (collision); hash_lock exactly 32 bytes	S/sdk/bitcoin_tx_builder.rs::derive_claim_keypair	—	PROVED as reduction; earlier unconditional axiom was unsound (CONFORMANCE_GAPS, Lean premises)
C10	MR-DSM-0259	The SPHINCS+ model signer's signatures verify, for every variant	lean4/Sphincs/Signer.lean:signer_correct,lean4/Sphincs/Signer.lean:keygen_sign_verify	primitive output widths (OutputWidths)	P/lib.rs::sign,P/lib.rs::verify	P/refinement_vectors.rs::export_refinement_vectors	PROVED for the model; Rust cross-checked by vectors, not universally refined
C11	SPHINCS_SECURITY_CHARTER	Forgery probability is bounded by the uniform-expansion game plus the seed-PRG distinguishing advantage	lean4/Sphincs/SeedHybrid.lean:seed_prg_hybrid_bound	ChaCha20 as a PRG (advantage term, not bounded)	P/lib.rs::generate_keypair_from_seed	—	PROVED hybrid step; full EUF-CMA reduction open (SPHINCS_BLAKE3_ROLE_MAP.md)
C12	Concise abstract	"All algorithms are post-quantum secure"	—	—	—	—	NO THEOREM: restated in PUBLISHED_CLAIMS.md (C12)
C13	Concise §11.1	"SPHINCS+ BLAKE3, level = NIST Category 5"	—	—	—	—	NO THEOREM: restated in PUBLISHED_CLAIMS.md (C13)
C14	SoFi §14.3; MR-SOFI-0007, MR-SOFI-0111	At most one valid envelope per body	—	—	—	—	NO THEOREM: restated in the SoFi spec; nothing may rely on envelope uniqueness
C15	SPHINCS_BLAKE3_ROLE_MAP (PRF)	The derived PRF key and keyed BLAKE3 PRF are replaced by a uniform key and a random function, at the cost of two distinguisher advantages	lean4/Sphincs/PrfHybrid.lean:prf_key_hybrid_bound,lean4/Sphincs/PrfHybrid.lean:prf_function_hybrid_bound,lean4/Sphincs/OracleAgree.lean:forsSign_agree	derive_key output pseudorandom; keyed BLAKE3 a PRF (advantage terms, not bounded)	P/lib.rs::prf,P/lib.rs::derive_key	—	PROVED hybrid steps
C16	SPHINCS_BLAKE3_ROLE_MAP (PRF_msg)	The derived message key and keyed BLAKE3 computing R are replaced by a uniform key and a random function	lean4/Sphincs/MsgPrfHybrid.lean:msg_key_hybrid_bound,lean4/Sphincs/MsgPrfHybrid.lean:msg_function_hybrid_bound	derive_key output pseudorandom; keyed BLAKE3 a PRF (advantage terms, not bounded)	P/lib.rs::prf_msg	—	PROVED hybrid steps
C17	SPHINCS_EXTERNAL_PROOF_ARTIFACTS (address encoding)	Distinct in-range addresses are distinct tweaks of F, H and T_l	lean4/Sphincs/AddressInjective.lean:adrs_bytes_injective,lean4/Sphincs/AddressInjective.lean:distinct_addresses_distinct_requests	none; coordinates in range	P/lib.rs::as_bytes	—	PROVED; signer address range and tweak single use: C18, C19
C18	SPHINCS_EXTERNAL_PROOF_ARTIFACTS (address range)	Under any oracle and every variant, every keyed request issued by key generation or signing is the message-PRF request, a thash request whose input begins with an in-range address, or a PRF request whose input ends with an in-range address; the logged run returns the model result	lean4/Sphincs/AddressRange.lean:sign_requests_in_range,lean4/Sphincs/AddressRange.lean:keygen_requests_in_range,lean4/Sphincs/AddressRange.lean:sign_good,lean4/Sphincs/AddressRange.lean:keygen_good	none; requests observed by running the model in the request-logging monad	P/lib.rs::sign,P/lib.rs::generate_keypair_from_seed,P/lib.rs::as_bytes	—	PROVED
C19	SPHINCS_EXTERNAL_PROOF_ARTIFACTS (tweak single use)	Every keyed thash request hashes the canonical value of its in-range address (fixed by key material and address, independent of the message), so one address never tweaks two inputs within key generation, within or across signing runs under one key, or between key generation and signing under the generated key	lean4/Sphincs/TweakUse.lean:sign_thash_inputs_canonical,lean4/Sphincs/TweakUse.lean:keygen_thash_inputs_canonical,lean4/Sphincs/TweakUse.lean:sign_tweak_single_use,lean4/Sphincs/TweakUse.lean:sign_tweak_single_use_across,lean4/Sphincs/TweakUse.lean:keygen_tweak_single_use,lean4/Sphincs/TweakUse.lean:keygen_sign_tweak_single_use	fixed-width oracle outputs (OutputWidths); for the raw-log single-use corollaries, the thash key differs from the PRF key and the message-PRF key	P/lib.rs::thash,P/lib.rs::sign,P/lib.rs::generate_keypair_from_seed	—	PROVED
C20	SPHINCS_EXTERNAL_PROOF_ARTIFACTS (forgery extraction: Merkle paths)	Two authentication walks over one address and index that reach the same root from distinct equal-length leaves, or with sibling slices differing at a visited level, contain a thash collision at a visited node address {a with chain := level+j+1, hash := gi/2^(j+1)}	lean4/Sphincs/Extraction.lean:auth_walk_extract,lean4/Sphincs/Extraction.lean:auth_walk_extract_general,lean4/Sphincs/Extraction.lean:auth_root_extract_general,lean4/Sphincs/Extraction.lean:auth_walk_collision	fixed-width oracle outputs (OutputWidths); leaves of equal length; in-range fields for the InRange form	P/lib.rs::xmss_pk_from_sig,P/lib.rs::fors_pk_from_sig	—	PROVED (deterministic, stage 1)
C21	SPHINCS_EXTERNAL_PROOF_ARTIFACTS (forgery extraction: chains)	Equal WOTS chain outputs from distinct starts give a thash collision at {a with hash := j} for a position s ≤ j < s+k the chain uses	lean4/Sphincs/Extraction.lean:chain_extract,lean4/Sphincs/Extraction.lean:chain_extract_or	none	P/lib.rs::chain	—	PROVED (deterministic, stage 1)
C22	SPHINCS_EXTERNAL_PROOF_ARTIFACTS (WOTS checksum)	For every variant, distinct WOTS digit vectors (in particular those of distinct n-byte messages) have a position where the second digit is strictly smaller than the first	lean4/Sphincs/WotsChecksum.lean:wots_checksum_decreases,lean4/Sphincs/WotsChecksum.lean:wots_checksum_decreases_of_ne,lean4/Sphincs/WotsChecksum.lean:wots_digits_injective,lean4/Sphincs/WotsChecksum.lean:checksum_digits	none	P/lib.rs::wots_digits,P/lib.rs::base_2b	—	PROVED
C23	SPHINCS_EXTERNAL_PROOF_ARTIFACTS (forgery extraction: WOTS)	A forged WOTS signature of m' that reconstructs the honest WOTS public key, where m was honestly signed and the digits differ, yields a thash collision at the compression address, a thash collision on some chain at a position below 15, or the honest chain value at a position below the one the honest signature of m revealed	lean4/Sphincs/WotsExtraction.lean:wots_forgery_extract,lean4/Sphincs/WotsExtraction.lean:wots_forgery_extract_of_ne,lean4/Sphincs/WotsExtraction.lean:wots_sign_reveals	fixed-width oracle outputs (OutputWidths); forged WOTS signature of exactly len*n bytes	P/lib.rs::wots_pk_from_sig,P/lib.rs::wots_pkgen,P/lib.rs::wots_sign	—	PROVED (deterministic, stage 1)
C24	SPHINCS_EXTERNAL_PROOF_ARTIFACTS (forgery extraction: XMSS layer)	A forged one-layer XMSS signature of an n-byte value that reconstructs the honest XMSS root at the honest leaf index either signs the honestly signed value or yields a thash collision at a Merkle node, WOTS compression or WOTS chain address of that instance, or a WOTS preimage of an unrevealed honest chain value	lean4/Sphincs/XmssExtraction.lean:xmss_forgery_extract	fixed-width oracle outputs (OutputWidths); forged layer of layerBytes bytes; both values n bytes	P/lib.rs::xmss_pk_from_sig,P/lib.rs::xmss_sign	—	PROVED (deterministic, stage 2)
C25	SPHINCS_EXTERNAL_PROOF_ARTIFACTS (forgery extraction: hypertree)	A forged hypertree signature reaching the honest public root signs the honest FORS public key of its (tree, leaf), or exhibits an XMSS break at an honest hypertree position (layer < d, in-range tree and leaf) against the one value the honest key signs there	lean4/Sphincs/HtExtraction.lean:ht_forgery_extract,lean4/Sphincs/HtExtraction.lean:ht_tail_extract,lean4/Sphincs/HtExtraction.lean:honest_fors_pk,lean4/Sphincs/HtExtraction.lean:honest_tail_message	fixed-width oracle outputs (OutputWidths); d*layerBytes signature bytes; n-byte message; tree, leaf in range	P/lib.rs::ht_verify,P/lib.rs::ht_sign	—	PROVED (deterministic, stage 2)
C26	SPHINCS_EXTERNAL_PROOF_ARTIFACTS (forgery extraction: FORS)	A forged FORS signature reconstructing the honest FORS public key gives a thash collision at an honest FORS address, or for every FORS tree i its forged secret block equals the honest FORS secret at the forged global index	lean4/Sphincs/ForsExtraction.lean:fors_forgery_extract,lean4/Sphincs/ForsExtraction.lean:fors_tree_extract	fixed-width oracle outputs (OutputWidths)	P/lib.rs::fors_pk_from_sig,P/lib.rs::fors_sign	—	PROVED (deterministic, stage 2)
C27	SPHINCS_EXTERNAL_PROOF_ARTIFACTS (forgery extraction: full signature)	Against an honestly generated key, every accepted (message, signature) pair yields an XMSS break at an honest hypertree position, a thash collision at an honest FORS address, an honest FORS secret at an index no honest signature at that (tree, leaf) revealed, or the ITSR covered event stated with the actual h_msg outputs	lean4/Sphincs/ForgeryExtract.lean:forgery_extract,lean4/Sphincs/ForgeryExtract.lean:honest_signature_reveals	fixed-width oracle outputs (OutputWidths); verify returns some true	P/lib.rs::verify,P/lib.rs::sign,P/lib.rs::generate_keypair_from_seed	—	PROVED (deterministic, stage 2; no probability bound)
C28	SPHINCS_EXTERNAL_PROOF_ARTIFACTS (extracted addresses in range)	Every thash collision exhibited by XmssBreakAt, HtBreak and ForsBreakAt is at an InRange address, i.e. a ThashCollision under the honest thash key	lean4/Sphincs/ExtractionRange.lean:xmssBreak_collision,lean4/Sphincs/ExtractionRange.lean:htBreak_collision,lean4/Sphincs/ExtractionRange.lean:forsBreak_collision	parameter bounds of every supported variant	P/lib.rs::as_bytes	—	PROVED
C29	SPHINCS_EXTERNAL_PROOF_ARTIFACTS (verifier request log)	The verifier's request log, run in the logging monad, is exactly the explicit log functions of its components; an accepting-shape verify logs the FORS and hypertree logs of the forged pair	lean4/Sphincs/ExtractionLog.lean:verify_exact,lean4/Sphincs/ExtractionLog.lean:forsPkFromSig_exact,lean4/Sphincs/ExtractionLog.lean:htRoot_exact,lean4/Sphincs/ExtractionLog.lean:xmssPkFromSig_exact,lean4/Sphincs/ExtractionLog.lean:wotsPkFromSig_exact,lean4/Sphincs/ExtractionLog.lean:authWalk_exact,lean4/Sphincs/ExtractionLog.lean:chain_exact	message non-empty and exact pk/signature lengths (the verifier's own checks)	P/lib.rs::verify	—	PROVED
C30	SPHINCS_EXTERNAL_PROOF_ARTIFACTS (forgery extraction with verifier logs)	Forgery extraction where every collision is a request in the verifier's log at an in-range address whose input differs from the honest canonical input there but has the same thash output; only n-byte answers to thash (under the derived key) and PRF (on (n+32)-byte inputs) requests are assumed	lean4/Sphincs/LogExtraction.lean:chain_extract_log,lean4/Sphincs/LogExtraction.lean:auth_walk_extract_log,lean4/Sphincs/LogExtraction.lean:wots_extract_log,lean4/Sphincs/LogExtraction.lean:xmss_extract_log,lean4/Sphincs/LogExtraction.lean:ht_extract_log,lean4/Sphincs/LogExtraction.lean:fors_extract_log,lean4/Sphincs/ForgeryExtractExp.lean:forgery_extract_exp	n-byte thash and PRF answers under the derived keys; 3n-byte expansion; verify returns some true	P/lib.rs::verify,P/lib.rs::generate_keypair_from_seed	—	PROVED (deterministic)
C31	SPHINCS_EXTERNAL_PROOF_ARTIFACTS (final-game event accounting)	In the last hybrid game every forging world exhibits a canonical collision in the verifier log, a WOTS preimage, an unrevealed honest FORS secret, or ForsCovered (actual h_msg outputs); the forging numerator is at most the sum of the four event numerators over the same space	lean4/Sphincs/EufCmaReduction.lean:final_forge_events,lean4/Sphincs/EufCmaReduction.lean:final_event_bound	OutputWidths for the real oracle	P/lib.rs::verify,P/lib.rs::sign	—	PROVED
C32	SPHINCS_BLAKE3_ROLE_MAP (end-to-end EUF-CMA accounting)	Pr[real forgery] ≤ Pr[canonical collision] + Pr[WOTS preimage] + Pr[unrevealed FORS secret] + Pr[ForsCovered] + Adv_msgFunction + Adv_msgKey + Adv_prfFunction + Adv_prfKey + Adv_seed, exactly over rationals as fractions, each Adv the gap of the constructed distinguisher	lean4/Sphincs/EufCmaReduction.lean:euf_cma_reduction	OutputWidths for the real oracle; event probabilities and advantages are not bounded here	P/lib.rs::sign,P/lib.rs::verify,P/lib.rs::generate_keypair_from_seed	—	PROVED (accounting; event and advantage terms not bounded)
C33	SPHINCS_SECURITY_CHARTER (wrapper targets)	Signing domains are separated: a preimage under one signing tag is never one under another, and fixes its body	lean4/Sphincs/WrapperInjective.lean:signing_domain_separation,lean4/Sphincs/WrapperInjective.lean:tagged_injective,lean4/Sphincs/WrapperInjective.lean:signing_tags_distinct	none; tags NUL-free (TaggedHashDomain)	C/crypto/blake3.rs::domain_hash	—	PROVED
C34	SoFi Amendment S21 (escrow)	An escrow verdict statement preimage determines the verdict cell and the outcome	lean4/Sphincs/WrapperInjective.lean:escrow_statement_injective	none	C/sofi/escrow.rs::statement	—	PROVED
C35	DSM Amendment A11 (Connect)	A Connect signing preimage determines the object kind and its body	lean4/Sphincs/WrapperInjective.lean:connect_signing_injective	none	S/sdk/connect/signed.rs::signing_digest	—	PROVED
C36	SoFi Amendment S20 (resolution claim)	A resolution-claim signing preimage determines the claim fields, algorithm, claimant key and AttA	lean4/Sphincs/WrapperInjective.lean:resolution_claim_signing_injective,lean4/Sphincs/WrapperInjective.lean:resolution_claim_ccb_injective	position < 2^64, alg < 2^16 (u64/u16 in Rust)	C/sofi/derive.rs::resolution_claim_signing_digest	—	PROVED
C37	tla/README (recognition boundary)	Hostile bytes become state only if the owner was observed signing exactly that object's message	lean4/DSMRecognition.lean:hostile_bytes_never_become_state,lean4/DSMRecognition.lean:recognized_implies_valid,lean4/DSMRecognition.lean:msgOf_inj	EUF-CMA over adversary outputs (Adversary.euf); collision case explicit	—	—	PROVED; no hash or signature idealization
C38	SoFi §10 / storage spec (Stored)	A storage address names one (namespace, payload): counted reads agree, and a wrong namespace never counts	lean4/DSMSofiStorage.lean:addr_inj,lean4/DSMSofiStorage.lean:counting_reads_agree,lean4/DSMSofiStorage.lean:a_wrong_namespace_never_counts	none; collision case explicit (AddrCollision)	C/sofi/storage.rs::stored	—	PROVED as reduction
C39	SPHINCS_SECURITY_CHARTER (multi-key, EK derivation)	A forgery under any one of many keys, with arbitrarily correlated seeds, is one of that key's four primitive events	lean4/Sphincs/MultiKey.lean:multi_key_reduction,lean4/Sphincs/MultiKey.lean:multi_key_reduction_seeds,lean4/Sphincs/MultiKey.lean:multi_forgery_extract,lean4/Sphincs/MultiKey.lean:mkey_of_seeds	OutputWidths; events per key as in C28-C32	P/lib.rs::generate_keypair_from_seed	—	PROVED; per-key event probabilities not bounded
C40	Concise §11.1; DSM Amendment A11; SoFi Amendment S21	A signature that verifies under an honest key on an object the key never signed is that key's primitive event or a hash collision on two different objects	lean4/Sphincs/WrapperForgery.lean:wrapper_forgery_extract,lean4/Sphincs/WrapperForgery.lean:ek_cert_forgery_extract,lean4/Sphincs/WrapperForgery.lean:connect_forgery_extract,lean4/Sphincs/WrapperForgery.lean:escrow_forgery_extract	OutputWidths; key events as C39 (multi-key); collision of the digest hash	C/crypto/ephemeral_key.rs::verify_ek_cert,S/sdk/connect/signed.rs::verify,C/sofi/escrow.rs::verdict_authority	—	PROVED
C41	SPHINCS_SECURITY_CHARTER (primitive-query budgets)	The EUF-CMA challenger, with every primitive request logged, returns exactly the forgery bit and issues at most keygenCost + q_s·signCost + verifyCost requests; SPX128f and SPX256f bounds are evaluated	lean4/Sphincs/QueryCost.lean:challenger_request_budget,lean4/Sphincs/QueryCost.lean:sign_cost,lean4/Sphincs/QueryCost.lean:verify_cost,lean4/Sphincs/QueryCost.lean:keygen_cost,lean4/Sphincs/QueryCost.lean:deployed_request_bounds,lean4/Sphincs/QueryCost.lean:verify_sim	none (counting; holds for every oracle, key and message)	P/lib.rs::sign,P/lib.rs::verify,P/lib.rs::generate_keypair_from_seed	—	PROVED
C42	SPHINCS_SECURITY_CHARTER (numeric level, idealized model)	In the random-oracle model with explicit oracle access and query budgets, a same-tweak collision has probability at most q_adv/2^(8n) and naming an independent secret at most q_adv/K, for adaptive adversaries	lean4/Sphincs/RomTape.lean:fresh_hits,lean4/Sphincs/RomTape.lean:partner_hits,lean4/Sphincs/RomOracle.lean:run_prefix,lean4/Sphincs/RomOracle.lean:rom_partner_bound,lean4/Sphincs/RomRoles.lean:rom_tweak_collision,lean4/Sphincs/RomRoles.lean:pairs_le_adv,lean4/Sphincs/RomRoles.lean:rom_secret_guess	every BLAKE3 role and ChaCha expansion an independent random oracle; challenger tweak single use (TweakUse.lean, transport argued)	P/lib.rs::thash,P/lib.rs::sign,P/lib.rs::verify	—	PROVED
C43	SPHINCS_SECURITY_CHARTER (ITSR, deployed parameters)	In the random-oracle model, after at most 2^64 signatures a fresh digest is ITSR-covered with probability at most 2^-128 (SPX128f) and 2^-255 (SPX256f)	lean4/Sphincs/RomItsr.lean:itsr_static,lean4/Sphincs/RomItsr.lean:many_on_leaf,lean4/Sphincs/RomItsr.lean:covered_count,lean4/Sphincs/RomItsr.lean:itsr_spx128f,lean4/Sphincs/RomItsr.lean:itsr_spx256f	h_msg a random oracle; signature leaves independent uniform (adaptive selection argued)	P/lib.rs::sign,P/lib.rs::verify	—	PROVED
C44	SPHINCS_SECURITY_CHARTER (classical level, ROM)	The summed random-oracle role bounds are at most q_h·2^-125 (SPX128f, q_h ≥ 2^16) and q_h·2^-252 (SPX256f, q_h ≥ 2^14), up to 2^64 signatures; that they bound the scheme's forging probability is conditional on the argued links (not a proved security level)	lean4/Sphincs/RomBound.lean:rom_level_128f,lean4/Sphincs/RomBound.lean:rom_level_256f	C42, C43; the identification of each reduction term (C15–C32) with its role game is argued in SPHINCS_ROM_BOUND.md, not machine-checked	P/lib.rs::sign,P/lib.rs::verify	—	PROVED
C45	SPHINCS_SECURITY_CHARTER (hidden-value independence, ROM, generic)	For any challenger written as a symbolic program, the symbolic run never reads an unrevealed oracle answer, and the real lazy random-oracle run differs from it with probability at most B/2^(8·wmin) plus wild guesses and collisions between unopened challenger requests; every event's real probability is at most its symbolic probability plus that term. DSM's signer is not yet instantiated (link 3 for DSM remains argued)	lean4/Sphincs/RomSym.lean:strace_inv,lean4/Sphincs/RomSym.lean:coupling,lean4/Sphincs/RomHidden.lean:dis_entry,lean4/Sphincs/RomHidden.lean:guess_pins,lean4/Sphincs/RomHidden.lean:hidden_bound,lean4/Sphincs/RomHidden.lean:real_le_sym,lean4/Sphincs/RomCoord.lean:coord_hit,lean4/Sphincs/RomCoord.lean:hits_sum	one lazily sampled random oracle (RomOracle model); B bounds the compatible guess pairs (pairCount) on every tape; trace length and entry count at most S	P/lib.rs::sign,P/lib.rs::verify	—	PROVED
C46	SPHINCS_SECURITY_CHARTER (hidden-value link instantiated, ROM, game H1)	DSM's signer and key generation (after the seed expansion), written as symbolic programs, simulate the model's own functions run as query trees against the lazy random oracle; for every adversary, the model's EUF-CMA game (H1) is won at most as often as the symbolic game, plus B/2^(8n), plus wild guesses and unopened collisions. B, the step bound, the unopened-collision bound and the symbolic win probability for DSM are not yet checked (link 3 remains argued for DSM)	lean4/Sphincs/RomSim.lean:Sim.askC,lean4/Sphincs/RomSim.lean:Sim.forIn,lean4/Sphincs/RomSigner.lean:sim_sign,lean4/Sphincs/RomSigner.lean:sim_kgTail,lean4/Sphincs/RomSigner.lean:sim_forsSign,lean4/Sphincs/RomSigner.lean:sim_htSign,lean4/Sphincs/RomGame.lean:sim_game,lean4/Sphincs/RomGame.lean:rom_game_hidden	one lazily sampled random oracle; game H1 (seed expansion replaced by three independent uniform n-byte values, tape entries 0-2); hypotheses hS (step bound S) and hB (compatible guess pairs <= B)	P/lib.rs::sign,P/lib.rs::verify	—	PROVED
C47	SPHINCS_SECURITY_CHARTER (extraction in the ROM game, H1)	On every tape on which the model's EUF-CMA game (H1) is won in the lazy random-oracle run, the forgery verifies against the honest key under the run's own final oracle table, so it exhibits one of the four extraction events (canonical thash collision in the verifier's log, WOTS preimage, unrevealed FORS secret, ITSR covered) on that table, and every request of the verifier's log was drawn in the run. The probabilities of the four events in the run are not yet bounded	lean4/Sphincs/RomEval.lean:QL.bind,lean4/Sphincs/RomEval.lean:QL.oracle,lean4/Sphincs/RomEval.lean:ql_kgTail,lean4/Sphincs/RomEval.lean:ql_verify,lean4/Sphincs/RomEval.lean:play_extract,lean4/Sphincs/RomEval.lean:rom_extract	one lazily sampled random oracle; game H1; forgery_extract_exp (C15-C32 extraction chain)	P/lib.rs::sign,P/lib.rs::verify	—	PROVED
C48	SPHINCS_SECURITY_CHARTER (ITSR under adaptive signing, generic)	For any run that decides from the tape entries already read which entry is the target digest and which are at most q signature digests, with digests decoding to a leaf and FORS indices with equal fibers, the probability that the target is covered at its leaf is at most the static ITSR numerator over (G+1)!·L^(G+1)·T^k. The equal-fiber property of DSM's splitDigest and the game-level selection are not yet checked	lean4/Sphincs/RomSample.lean:sample,lean4/Sphincs/RomItsrA.lean:itsr_gen,lean4/Sphincs/RomItsrA.lean:itsr_adaptive,lean4/Sphincs/RomItsrA.lean:tsum_map	tape entries uniform in [0, R); digest decoding with equal fibers (hypothesis hfib); distinct slots, at most q signature slots	P/lib.rs::sign,P/lib.rs::verify	—	PROVED
C49	SPHINCS_SECURITY_CHARTER (ITSR for DSM digests, adaptive)	Over uniform h_msg outputs, every (hypertree leaf, FORS index vector) pair of DSM's splitDigest occurs equally often; hence under any adaptive selection of a target and at most 2^64 signature digests the target is covered with probability at most 2^-128 (SPX128f) and 2^-255 (SPX256f). That the game's signed digests are such a selection is checked separately (C50, under NoRG)	lean4/Sphincs/RomDigest.lean:base2b_be,lean4/Sphincs/RomDigest.lean:split_three,lean4/Sphincs/RomDigest.lean:digest_fiber,lean4/Sphincs/RomDigest.lean:itsr_dsm_128f,lean4/Sphincs/RomDigest.lean:itsr_dsm_256f	h_msg outputs uniform (tape entries uniform in [0, c·256^m)); adaptive selection with distinct slots, at most q ≤ 2^64 signature slots	P/lib.rs::sign,P/lib.rs::verify	—	PROVED
C50	SPHINCS_SECURITY_CHARTER (ITSR candidate selection in the ROM game, H1)	On every tape on which H1 is won, the ITSR covered event holds on the run's table, and no signing request was first drawn adversary-side (NoRG), the forgery's verifier h_msg request was first drawn adversary-side and the covered event is that of the j-th adversary-side h_msg draw under a selection decided from the tape prefix, with the challenger-side h_msg draws (the signature digests) as the covering slots; the request encoding binds the message (fixed-width prefix). Summed over tapes, the won-covered-NoRG tapes are at most JA·2^-128 (SPX128f) and JA·2^-255 (SPX256f). The complement of NoRG and the budget hypotheses are not yet discharged	lean4/Sphincs/RomItsrGame.lean:hreqR_msg,lean4/Sphincs/RomItsrGame.lean:play_hmsg,lean4/Sphincs/RomItsrGame.lean:slotOf_inj,lean4/Sphincs/RomItsrGame.lean:slotJ_pred,lean4/Sphincs/RomItsrGame.lean:itsr_point_game,lean4/Sphincs/RomItsrGame.lean:itsr_game_sum,lean4/Sphincs/RomItsrGame.lean:itsr_game_128f,lean4/Sphincs/RomItsrGame.lean:itsr_game_256f	one lazily sampled random oracle, tape entries uniform in [0, c·256^m); game H1; on every tape at most N draws, at most q ≤ 2^64 challenger h_msg draws, at most JA adversary h_msg draws; event NoRG	P/lib.rs::sign,P/lib.rs::verify	—	PROVED
C51	SPHINCS_SECURITY_CHARTER (signing requests are challenger draws outside the hidden-value event, H1)	A Hoare-style invariant over DSM's symbolic game (origin of handles; SK.seed, SK.prf and the keys derived from them never revealed; a revealed randomizer's signing request already drawn challenger-side; no adversary entry before a challenger h_msg entry with the same resolution) is preserved by every step of a disagreement-free run, discharged per request constructor of the signer and by the structure of the signer and the adversary's verification. Hence on every tape without a disagreement step no signing request was first drawn by the adversary (NoRG), and the won-and-covered tapes are at most JA·2^-128 (SPX128f) / JA·2^-255 (SPX256f) plus the anyDis tapes. The WOTS-preimage and FORS-secret events are charged to a disagreement step of the extended game in C53; the budget hypotheses are not yet discharged	lean4/Sphincs/RomProv.lean:step_askC,lean4/Sphincs/RomProv.lean:step_askA,lean4/Sphincs/RomProv.lean:step_reveal,lean4/Sphincs/RomProv.lean:J.hmsg,lean4/Sphincs/RomProv.lean:j_sign,lean4/Sphincs/RomProv.lean:j_kgTail,lean4/Sphincs/RomProv.lean:j_play,lean4/Sphincs/RomProv.lean:sym_game,lean4/Sphincs/RomProv.lean:norg_of_nodis,lean4/Sphincs/RomProv.lean:itsr_game_hid_128f,lean4/Sphincs/RomProv.lean:itsr_game_hid_256f	one lazily sampled random oracle, tape entries uniform in [0, c·256^m); game H1; coins at tape entries 0-2; on every tape at most N draws, at most q ≤ 2^64 challenger h_msg draws, at most JA adversary h_msg draws	P/lib.rs::sign,P/lib.rs::verify	—	PROVED
C52	SPHINCS_SECURITY_CHARTER (path-located extraction and the extended game H1')	A verifying forgery under the honest key gives a canonical collision in the verifier's log, a WOTS hit on the verifier's hypertree path (the verifier hashes the honest chain value at a step below the digit the honest key signs there), a FORS hit (the verifier hashes the honest FORS secret at an index no signed message selects), or ITSR coverage. The extended game H1' appends, after H1 ends, challenger draws of the honest WOTS keys on the forged digest's path, of the FORS leaves at its indices, and (extTail) of the complete honest FORS key of the forged digest and the complete honest XMSS tree at every layer of the forged path, all computed recursively from the honest seeds, with the digest recomputed adversary-side; H1's draws are a prefix of H1''s, its output and key are H1's, and on every tape on which H1 is won the four events hold on H1''s table. No probability is bounded here	lean4/Sphincs/RomPath.lean:forgery_extract_path,lean4/Sphincs/RomExt.lean:sim_game',lean4/Sphincs/RomExt.lean:anyDis_ext,lean4/Sphincs/RomExt.lean:pre_ext,lean4/Sphincs/RomExt.lean:out_ext,lean4/Sphincs/RomExt.lean:finKey_ext,lean4/Sphincs/RomExt.lean:rom_extract_ext,lean4/Sphincs/RomExt.lean:ext_conservative,lean4/Sphincs/RomExt.lean:sim_extTail,lean4/Sphincs/RomSecGame.lean:j2_extTail	one lazily sampled random oracle, tape entries uniform in [0, c·256^m); games H1 and H1'; coins at tape entries 0-2	P/lib.rs::sign,P/lib.rs::verify	—	PROVED
C53	SPHINCS_SECURITY_CHARTER (WOTS-preimage and FORS-secret events are disagreement steps of H1')	A Hoare-style invariant over the symbolic run of H1' (origin of handles; entries past the coins resolve to distinct requests; no revealed handle mentions SK.seed or SK.prf, is an honest WOTS chain value below the honest digit, or is a FORS secret no challenger signing request selects; every challenger h_msg entry is the signing request of a signed message) is preserved by every step of a disagreement-free run, discharged per request constructor and by the structure of key generation, signing, the play loop, the adversary's verification (each request of the verifier's log ends with an open entry) and the extension. Hence on every tape on which H1 is won: a canonical collision in the verifier's log, ITSR coverage, both on H1''s table, or a disagreement step of H1' (anyDis). Not yet discharged: the hypotheses of the hidden-value bound for H1', the transfer of coverage to H1's table, the canonical-collision bound	lean4/Sphincs/RomSecrecy.lean:step_askC2,lean4/Sphincs/RomSecrecy.lean:step_askA2,lean4/Sphincs/RomSecrecy.lean:step_reveal2,lean4/Sphincs/RomSecrecy.lean:agree,lean4/Sphincs/RomSecGame.lean:j2_kgTail,lean4/Sphincs/RomSecGame.lean:j2_sign,lean4/Sphincs/RomSecGame.lean:j2_play,lean4/Sphincs/RomSecGame.lean:ja_verify,lean4/Sphincs/RomSecGame.lean:j2_ext,lean4/Sphincs/RomSecGame.lean:sec_game,lean4/Sphincs/RomSecGame.lean:no_wotsPath,lean4/Sphincs/RomSecGame.lean:no_forsPath,lean4/Sphincs/RomSecGame.lean:no_paths,lean4/Sphincs/RomSecGame.lean:rom_extract_sec	one lazily sampled random oracle, tape entries uniform in [0, c·256^m); games H1 and H1'; coins at tape entries 0-2	P/lib.rs::sign,P/lib.rs::verify	—	PROVED
C54	SPHINCS_SECURITY_CHARTER (coverage transfer and the assembled count for H1)	H1''s table answers every draw of H1 as H1's table does; the forgery's digest request and, for each signed message, its PRF-msg key derivation, randomizer and signing requests are drawn in H1; hence ITSR coverage on H1''s table is coverage on H1's table. On every tape on which H1 is won: a canonical collision in the verifier's log on H1''s table, ITSR coverage (CovG), or a disagreement step of H1'. Summed: #won·2^128 ≤ #canon-collision(H1')·2^128 + JA·R^N + 2·#anyDis(H1')·2^128 (SPX128f; 2^255 for SPX256f). The anyDis(H1') count, the canonical-collision count and the budget hypotheses are not yet bounded	lean4/Sphincs/RomCover.lean:verify_log_hmsg,lean4/Sphincs/RomCover.lean:sign_log_dReq,lean4/Sphincs/RomCover.lean:sign_log_rReq,lean4/Sphincs/RomCover.lean:game_signlog,lean4/Sphincs/RomCover.lean:fin_agree,lean4/Sphincs/RomCover.lean:cov_transfer,lean4/Sphincs/RomCover.lean:rom_win_split,lean4/Sphincs/RomCover.lean:rom_win_sum,lean4/Sphincs/RomCover.lean:anyDis_sum,lean4/Sphincs/RomCover.lean:rom_win_128f,lean4/Sphincs/RomCover.lean:rom_win_256f	one lazily sampled random oracle, tape entries uniform in [0, c·256^m); games H1 and H1'; coins at tape entries 0-2; on every tape at most N draws, at most q ≤ 2^64 challenger h_msg draws, at most JA adversary h_msg draws	P/lib.rs::sign,P/lib.rs::verify	—	PROVED
C55	SPHINCS_SECURITY_CHARTER (the H1' disagreement count from the hidden-value bound)	The hidden-value bound applies to H1': #anyDis(H1')·256^n ≤ R^N·B + #wildColl(H1')·256^n under a step bound S on its symbolic traces and a pair-count budget B. Combined with C54: #won·2^128 ≤ #canon-collision(H1')·2^128 + JA·R^N + 2·R^N·B + 2·#wildColl(H1')·2^128 (SPX128f), and the same against 2^256 with the ITSR term doubled (SPX256f). The step bound, a useful pair-count budget B, the wild/collision count, the canonical-collision count and the ITSR budget hypotheses are not yet discharged	lean4/Sphincs/RomCover.lean:rom_ext_hidden,lean4/Sphincs/RomCover.lean:rom_win_hidden_128f,lean4/Sphincs/RomCover.lean:rom_win_hidden_256f	one lazily sampled random oracle, tape entries uniform in [0, c·256^m); games H1 and H1'; coins at tape entries 0-2; on every tape at most N draws, at most q ≤ 2^64 challenger h_msg draws, at most JA adversary h_msg draws; H1' traces bounded by S steps and S entries; pair count of H1' at most B	P/lib.rs::sign,P/lib.rs::verify	—	PROVED
C56	SPHINCS_SECURITY_CHARTER (hidden-value bound charged at fresh steps)	For any symbolic program: before the first disagreement step, entries past the initial ones resolve to distinct requests; hence the first disagreement step is an adversary step or a challenger step whose symbolic lookup appends a new entry, unless two initial entries collide (initColl). The anyDis tapes are therefore bounded counting only probes at such eligible steps that also satisfy any tape-independent predicate Φ holding at every step with no earlier disagreement, split by the width of the pinned handle: #anyDis·256^W ≤ R^N·B_lo·256^(W-wmin) + R^N·B_hi + #(wildColl ∨ initColl)·256^W, with B_hi ≤ S^2 always. A useful B_lo for H1' (Φ and the per-adversary-draw count) is not yet proved	lean4/Sphincs/RomFresh.lean:trace_distK,lean4/Sphincs/RomFresh.lean:first_dis_elig,lean4/Sphincs/RomFresh.lean:elig_set,lean4/Sphincs/RomFresh.lean:probeF_inv,lean4/Sphincs/RomFresh.lean:wtF_inv,lean4/Sphincs/RomFresh.lean:tgF_inv,lean4/Sphincs/RomFresh.lean:idxF_sum_le,lean4/Sphincs/RomFresh.lean:pairCountF_le_sq,lean4/Sphincs/RomFresh.lean:dis_pointF,lean4/Sphincs/RomFresh.lean:hidden_bound_split	one lazily sampled random oracle, tape entries uniform in [0, c·256^m) with 256^W dividing the range; any symbolic program; traces bounded by S steps and S entries; Φ holds at every step with no earlier disagreement; pair counts at most B_lo (narrow pins) and B_hi (wide pins)	P/lib.rs::sign,P/lib.rs::verify	—	PROVED
C57	SPHINCS_SECURITY_CHARTER (request-level dataflow invariant of H1')	In the extended game H1', every pre-step state reached without an earlier disagreement satisfies InvS (coins at entries 0-2, adversary entries carry no handles, revealed handles exist and are unprotected, every challenger entry belongs to a DSM request family, DistK past the coins), and each step meets its obligation: a challenger request is a key derivation, a PRF request at an in-range address of kind 5 or 6, the randomizer, the signing request, or a structured thash request whose address literal is in range, whose key is the tweak-key entry and whose k-th input handle is the challenger entry of the k-th canonical child of its address (each child having the address as its DSM parent); a reveal discloses only existing unprotected handles, each with provenance (every DSM ancestor of a revealed canonical entry's address already has a structured challenger entry; C60). Structured requests at one address are one request, and two handles resolving to one canonical node are one handle. The invariant is structural (dataflow), holds on every tape, and is the input from which the Φ of C56 is to be derived; B_lo for H1' is not yet bounded	lean4/Sphincs/RomStruct.lean:struct_unique,lean4/Sphincs/RomStruct.lean:kidOK_unique_th,lean4/Sphincs/RomStruct.lean:js_thash,lean4/Sphincs/RomStruct.lean:js_prf,lean4/Sphincs/RomStruct.lean:js_chain,lean4/Sphincs/RomStruct.lean:js_wotsPkgen,lean4/Sphincs/RomStruct.lean:js_wotsSign,lean4/Sphincs/RomStruct.lean:js_wotsPkFromSig,lean4/Sphincs/RomStruct.lean:js_xmssNode,lean4/Sphincs/RomStruct.lean:js_authWalk,lean4/Sphincs/RomStruct.lean:js_xmssSign,lean4/Sphincs/RomStruct.lean:js_xmssPkFromSig,lean4/Sphincs/RomStruct.lean:js_htSignTail,lean4/Sphincs/RomStruct.lean:js_htSign,lean4/Sphincs/RomStruct.lean:js_htRootTail,lean4/Sphincs/RomStruct.lean:js_htRoot,lean4/Sphincs/RomStruct.lean:js_forsNode,lean4/Sphincs/RomStruct.lean:js_forsSign,lean4/Sphincs/RomStruct.lean:js_forsPkFromSig,lean4/Sphincs/RomStruct.lean:js_sign,lean4/Sphincs/RomStruct.lean:js_play,lean4/Sphincs/RomStruct.lean:js_ext,lean4/Sphincs/RomStruct.lean:js_kgTail,lean4/Sphincs/RomStruct.lean:js_rest,lean4/Sphincs/RomStruct.lean:js_game,lean4/Sphincs/RomStruct.lean:game_struct	one lazily sampled random oracle; game H1' from the coin state; c.root is the key generation's root handle	P/lib.rs::sign,P/lib.rs::verify	—	PROVED
C58	SPHINCS_SECURITY_CHARTER (narrow-pin count of H1')	A tape-free step predicate Φ (DSM request shapes; distinct literal skeletons among narrow-shaped challenger entries; a challenger request's skeleton shared only by its own entry; PRF and randomizer keys unrevealed) holds at every step of H1' with no earlier disagreement. A narrow-shaped request's skeleton is determined by any bytes it is compatible with. Every narrow pin counted by hidden_bound_split is an adversary step against a coin or a skeleton-determined challenger entry (at most four per adversary step) or a fresh challenger step against an adversary entry (at most one per adversary entry), so B_lo ≤ 5·AA. Hence #anyDis(H1')·2^256 ≤ R^N·5·AA·2^(256-8n) + R^N·S^2 + #(wildColl ∨ initColl)(H1')·2^256, and for SPX128f #won·2^256 ≤ #canon·2^256 + JA·R^N·2^128 + 2·R^N·5·AA·2^128 + 2·R^N·S^2 + 2·#(wildColl ∨ initColl)(H1')·2^256. The wildColl/initColl count, the step and adversary-step bounds, the canonical-collision count and the ITSR budgets are not yet discharged; the wide term is not small for SPX256f	lean4/Sphincs/RomPhi.lean:skel_of_compat,lean4/Sphincs/RomPhi.lean:skel_det,lean4/Sphincs/RomPhi.lean:famOK_skel_unique,lean4/Sphincs/RomPhi.lean:phi_of,lean4/Sphincs/RomPhi.lean:game_phi,lean4/Sphincs/RomPhi.lean:np_class,lean4/Sphincs/RomPhi.lean:trace_post,lean4/Sphincs/RomPhi.lean:fresh_entry,lean4/Sphincs/RomPhi.lean:narrow_of_pin,lean4/Sphincs/RomPhi.lean:adv_step_count,lean4/Sphincs/RomPhi.lean:chal_entry_count,lean4/Sphincs/RomPhi.lean:narrow_count,lean4/Sphincs/RomPhi.lean:game_phiB,lean4/Sphincs/RomPhi.lean:rom_ext_struct,lean4/Sphincs/RomPhi.lean:rom_win_struct_128f	one lazily sampled random oracle, tape entries uniform in [0, c·256^m) with 256^32 dividing the range; game H1' from the coin state; H1' traces bounded by S steps and S entries and by AA adversary steps; ITSR budget hypotheses as in C54	P/lib.rs::sign,P/lib.rs::verify	—	PROVED
C59	SPHINCS_SECURITY_CHARTER (collisions of independently sampled values in H1')	The hidden-value bound holds with the wild-guess/collision event restricted to steps with no earlier disagreement (wildCollP). At such steps of H1' no guess is wild (every handle of every entry and request is an existing entry of width n or 32), and an unopened collision of two distinct challenger requests forces two distinct 32-byte key entries (tweak key, PRF key, PRF-msg key) to agree; an initial collision is two coins agreeing modulo 256^n. So wildCollP ∨ initColl is a tape collision, of probability at most 3/2^(8n) + N^2/2^256. For SPX128f: Pr[won] ≤ Pr[canonical collision on H1''s table] + (JA + 10·AA + 6)/2^128 + 2·(S^2 + N^2)/2^256. The step bound S, the adversary-step bound AA, the canonical-collision count and the ITSR budgets are not yet discharged; SPX256f needs a wide-class count	lean4/Sphincs/RomColl.lean:noDisB_of,lean4/Sphincs/RomColl.lean:wildP_at,lean4/Sphincs/RomColl.lean:dis_pointP,lean4/Sphincs/RomColl.lean:hidden_bound_splitP,lean4/Sphincs/RomColl.lean:famOK_hidsW,lean4/Sphincs/RomColl.lean:ent_hidsW,lean4/Sphincs/RomColl.lean:wildE_false,lean4/Sphincs/RomColl.lean:famOK_mode1,lean4/Sphincs/RomColl.lean:collC_key,lean4/Sphincs/RomColl.lean:initColl_coin,lean4/Sphincs/RomColl.lean:coll_event,lean4/Sphincs/RomColl.lean:tape_coll,lean4/Sphincs/RomColl.lean:rom_ext_structP,lean4/Sphincs/RomColl.lean:rom_win_coll_128f	one lazily sampled random oracle, tape entries uniform in [0, c·256^m) with 256^32 dividing the range; game H1' from the coin state; H1' traces bounded by S ≤ N steps and entries and by AA adversary steps, 3 ≤ N; ITSR budget hypotheses as in C54	P/lib.rs::sign,P/lib.rs::verify	—	PROVED
C60	SPHINCS_SECURITY_CHARTER (canonical-collision count of H1')	Provenance: in H1' every revealed handle that is a challenger thash or PRF entry has a structured challenger entry at every DSM ancestor of its address (AncOK, part of InvS); the signer reveals a signature only after recomputing its root, whose structure covers every handle of it. Hence a structured challenger request is always answered by its own challenger entry (ask_struct): the canonical value at every address is a challenger draw. On the final table a structured request at b is thashReq tk b (canon b) (struct_val, from canon_kids). Every thash request in the verifier's log is at an address of the forged path its digest selects (verifyLog_path), where the extension left structured entries (ExtS, descent). So on a disagreement-free run a canonical collision is an adversary entry and a structured challenger entry at one address literal with equal truncated values, or a 32-byte key coincidence (canon_split). The pair is charged at the later creation, a fresh tape coordinate, against the earlier value, whatever its visibility; at most one pair per adversary step (pair_count). #(canon ∧ ¬anyDis)·256^(n+32) ≤ R^N·AA·256^32 + R^N·N^2·256^n, and for SPX128f Pr[won] ≤ (JA + 11·AA + 6)/2^128 + (2·S^2 + 3·N^2)/2^256. The step bound S, the adversary-step bound AA and the ITSR budgets are hypotheses here, derived from the query budget in C61; SPX256f needs a wide-class count	lean4/Sphincs/RomStruct.lean:ancOK_open,lean4/Sphincs/RomStruct.lean:struct_open_cov,lean4/Sphincs/RomStruct.lean:ask_struct,lean4/Sphincs/RomStruct.lean:entAt_down,lean4/Sphincs/RomStruct.lean:ancCov_reach,lean4/Sphincs/RomStruct.lean:cov_xsig,lean4/Sphincs/RomStruct.lean:js_xmssPkFromSigC,lean4/Sphincs/RomStruct.lean:reach_fslot,lean4/Sphincs/RomStruct.lean:cov_slots,lean4/Sphincs/RomStruct.lean:js_forsPkFromSigC,lean4/Sphincs/RomStruct.lean:js_ext,lean4/Sphincs/RomStruct.lean:js_game,lean4/Sphincs/RomCanon.lean:canon_kids,lean4/Sphincs/RomCanon.lean:struct_kp2,lean4/Sphincs/RomCanon.lean:struct_val,lean4/Sphincs/RomCanon.lean:entry_creation,lean4/Sphincs/RomCanon.lean:pairW_inv,lean4/Sphincs/RomCanon.lean:pairTg_inv,lean4/Sphincs/RomCanon.lean:pair_count,lean4/Sphincs/RomCanon.lean:verifyLog_path,lean4/Sphincs/RomCanon.lean:kidAt_reach,lean4/Sphincs/RomCanon.lean:ch_unique,lean4/Sphincs/RomCanon.lean:pair_hit,lean4/Sphincs/RomCanon.lean:canon_split,lean4/Sphincs/RomCanon.lean:pair_coll32,lean4/Sphincs/RomCanon.lean:canon_count,lean4/Sphincs/RomCanon.lean:rom_win_split',lean4/Sphincs/RomCanon.lean:rom_win_full_128f	one lazily sampled random oracle, tape entries uniform in [0, c·256^m) with 256^32 dividing the range; game H1' from the coin state; H1' traces bounded by S < N steps and entries and by AA adversary steps, 3 ≤ N; ITSR budget hypotheses as in C54	P/lib.rs::sign,P/lib.rs::verify	—	PROVED
C61	SPHINCS_SECURITY_CHARTER (query budget of H1 and H1')	Budget A qh qs: on every path of the strategy tree each hash query uses one unit of qh (repeats included; memoization makes this an over-count) and each signing query one unit of qs (legal or not); the output is free. Challenger requests are bounded per routine by closed-form step costs (Cost: steps, adversary steps, entries, adversary entries and challenger h_msg entries on every tape, from every state, for the real and the symbolic run). Entries are the run's distinct draws and each step adds at most one (strace_ents); H1's draws are its entries (runG_draws). Adversary steps of H1' are the adversary's hash queries, the final verification's requests on the adversary oracle (verC) and the extension's h_msg request, so AA = qh + verC + 1, not qh; JA = qh + verC, q = qs, S = kgC + 1 + qh + qs*(signC+1) + verC + extC + 3, N = S + 1. For SPX128f (kgC 4497, signC 370401, verC 11872, extC 117606): JA = qh+11872, AA = qh+11873, S = qh+370402*qs+133979, N = qh+370402*qs+133980, and Pr[won] <= (12*qh + 142481)/2^128 + (2*S^2 + 3*N^2)/2^256 (about 2^-60.4 at qh = qs = 2^64, evaluated outside Lean). Game H1 (coin key generation), per key; SPX256f in C62; seed hop and final composition open	lean4/Sphincs/RomBudget.lean:Cost.bind,lean4/Sphincs/RomBudget.lean:Cost.forIn,lean4/Sphincs/RomBudget.lean:cost_sign,lean4/Sphincs/RomBudget.lean:cost_verify,lean4/Sphincs/RomBudget.lean:cost_kgTail,lean4/Sphincs/RomBudget.lean:cost_extW,lean4/Sphincs/RomBudget.lean:cost_playS,lean4/Sphincs/RomBudget.lean:cost_gameS,lean4/Sphincs/RomBudget.lean:cost_gameS',lean4/Sphincs/RomBudget.lean:strace_ents,lean4/Sphincs/RomBudget.lean:runG_draws,lean4/Sphincs/RomBudget.lean:budget_N,lean4/Sphincs/RomBudget.lean:budget_C,lean4/Sphincs/RomBudget.lean:budget_J,lean4/Sphincs/RomBudget.lean:budget_S,lean4/Sphincs/RomBudget.lean:budget_A,lean4/Sphincs/RomBudget.lean:stepB_128f,lean4/Sphincs/RomBudget.lean:rom_win_budget_128f	one lazily sampled random oracle, tape entries uniform in [0, c*256^m), c > 0; adversary within Budget A qh qs; qs <= 2^64; game H1 from the coin state	P/lib.rs::sign,P/lib.rs::verify	—	PROVED
C62	SPHINCS_SECURITY_CHARTER (SPX256f bound of H1, quadratic)	The C57-C61 ingredients compose for SPX256f (n = 32, every handle 32 bytes, ITSR term against 2^255): Pr[won] <= (2*JA + 11*AA + 6 + 2*S^2 + 3*N^2)/2^256. With the query budget (kgC 17185, signC 1704961, verC 17523, extC 364152): JA = qh+17523, AA = qh+17524, S = qh+1704962*qs+398864, N = S+1, Pr[won] <= (13*qh + 227816 + 2*S^2 + 3*N^2)/2^256. Birthday-limited: about 2^-125.7 at qh = 2^64, qs <= 2^20, about 2^-84.3 at qh = qs = 2^64 (evaluated outside Lean). The quadratic part comes from wide pins (S^2, C58) and from the 32-byte key collision and key coincidence of C59 and C60 (N^2), which are collisions among the three key entries but are counted over all tape entries. Superseded for SPX256f by the linear bound of C64. Game H1, per key; seed hop and final composition open	lean4/Sphincs/RomBudget.lean:arith256,lean4/Sphincs/RomBudget.lean:rom_win_full_256f,lean4/Sphincs/RomBudget.lean:stepB_256f,lean4/Sphincs/RomBudget.lean:rom_win_budget_256f	one lazily sampled random oracle, tape entries uniform in [0, c*256^m), c > 0; adversary within Budget A qh qs; qs <= 2^64; game H1 from the coin state	P/lib.rs::sign,P/lib.rs::verify	—	PROVED
C63	SPHINCS_SECURITY_CHARTER (key collisions of H1')	The 32-byte events of C59 (collC_key) and C60 (canon_split) name their entries: both are collisions of two challenger key-derivation entries (KeyEnts: tweak key, PRF key, PRF-msg key); no other branch survives (narrow shapes are skeleton-unique, requests keyed by one entry coincide, the structured branch contradicts struct_unique). Shared event KeyColl: a step appends a challenger key entry at an unrevealed position whose coordinate agrees mod 256^32 with an existing challenger key entry; the inclusions lift from a disagreement-free prefix (keyColl_of_fin, coll_event_key, canon_split_key). It is charged at the later key's fresh creation against the earlier key's coordinate, fixed by the prefix (strace_inv); each request is appended at most once, a key is never charged against itself, and of two keys only the later is charged, so at most three pairs: #KeyColl*256^32 <= 3*R^N (key_count). Refined counts: coll_count_key (coins counted separately, 3/256^n + 3/256^32) and canon_count_key (AA/256^n + 3/256^32)	lean4/Sphincs/RomColl.lean:collC_key,lean4/Sphincs/RomCanon.lean:canon_split,lean4/Sphincs/RomKey.lean:ch_once,lean4/Sphincs/RomKey.lean:keyW_inv,lean4/Sphincs/RomKey.lean:keyTg_inv,lean4/Sphincs/RomKey.lean:keyW_unique,lean4/Sphincs/RomKey.lean:keyW_diag,lean4/Sphincs/RomKey.lean:keyW_anti,lean4/Sphincs/RomKey.lean:keyW_total,lean4/Sphincs/RomKey.lean:key_count,lean4/Sphincs/RomKey.lean:coin_count,lean4/Sphincs/RomKey.lean:keyColl_of_fin,lean4/Sphincs/RomKey.lean:coll_event_key,lean4/Sphincs/RomKey.lean:canon_split_key,lean4/Sphincs/RomKey.lean:coll_count_key,lean4/Sphincs/RomKey.lean:canon_count_key	one lazily sampled random oracle, tape entries uniform in [0, c*256^m), c > 0; game H1' from the coin state; H1' traces bounded by S < N steps and entries, 3 <= N	P/lib.rs::sign,P/lib.rs::verify	—	PROVED
C64	SPHINCS_SECURITY_CHARTER (wide-pin count of H1', linear SPX256f bound)	hidden_bound_Q: the hidden-value bound in one width class with a tape-free probe filter Psi; filtered probes are not counted and a filtered probe that hits is charged to an event E (dis_pointQ). Probes pin the first unrevealed handle of the hidden request; disclosed values are only targets. For H1': Psi = a challenger step pairing a PRF-shaped request with a thash-shaped one (KeyTh), whose hit pins the PRF or PRF-msg key against the tweak key's value, so E = KeyColl (game_keyTh, from InvS); Phi = PhiW (PhiP, literal uniqueness of challenger entries, PRF-shaped requests keyed by the PRF or PRF-msg key; game_phiW). Exhaustive classification (pin_class_w): a counted probe is an adversary step against a coin, a narrow-shaped or a PRF-shaped challenger entry compatible with the query, or a challenger step against an adversary entry. At most six per adversary step and three per adversary entry: pairCountQ <= 9*AA (wide_count), so #anyDis(H1')*256^n <= 9*AA*R^N + #(wildColl or initColl)*256^n + #KeyColl*256^n (rom_ext_wide). For SPX256f: Pr[won] <= (2*JA + 19*AA + 21)/2^256 with no S^2 or N^2 term (rom_win_lin_256f); with the query budget Pr[won] <= (21*qh + 368023)/2^256 (rom_win_budget_lin_256f; about 2^-187.6 at qh = 2^64 for any qs <= 2^64, evaluated outside Lean). Game H1, per key; real key generation in C65	lean4/Sphincs/RomWide.lean:probeQ_inv,lean4/Sphincs/RomWide.lean:wtQ_inv,lean4/Sphincs/RomWide.lean:tgQ_inv,lean4/Sphincs/RomWide.lean:dis_pointQ,lean4/Sphincs/RomWide.lean:hidden_bound_Q,lean4/Sphincs/RomWide.lean:famOK_pr,lean4/Sphincs/RomWide.lean:famOK_thK,lean4/Sphincs/RomWide.lean:phiW_of,lean4/Sphincs/RomWide.lean:game_phiW,lean4/Sphincs/RomWide.lean:keyColl_of_step,lean4/Sphincs/RomWide.lean:game_keyTh,lean4/Sphincs/RomWide.lean:pin_class_w,lean4/Sphincs/RomWide.lean:adv_step_w,lean4/Sphincs/RomWide.lean:chal_entry_w,lean4/Sphincs/RomWide.lean:wide_count,lean4/Sphincs/RomWide.lean:rom_ext_wide,lean4/Sphincs/RomWide.lean:rom_win_lin_256f,lean4/Sphincs/RomWide.lean:rom_win_budget_lin_256f	one lazily sampled random oracle, tape entries uniform in [0, c*256^m), c > 0; adversary within Budget A qh qs; qs <= 2^64; game H1 from the coin state	P/lib.rs::sign,P/lib.rs::verify	—	PROVED
C65	SPHINCS_SECURITY_CHARTER (seed hop: real key generation)	The implemented key generation draws 3n bytes from ChaCha20Rng::from_seed(seed32) and splits SK.seed || SK.prf || PK.seed; the model asks one request <3, ChaCha20Rng, [], seed32, 3n>, answered be(3n) x on a tape coordinate, uniform when 256^(3n) divides the range R, and then its three slices are exactly three independent uniform n-byte values (expand_slices_sum). H1's coins are queryable table entries (coin 2 is the public PK.seed), so H1 is related to the real game for the renamed adversary renA A (requests of mode >= 999 shifted up one mode; injective, length-preserving, identity on modes 0-3, never a coin request, budget-preserving); the honest routines and the verifier ask no request of mode > 2 (m_kgTail, m_sign, m_verify). Pointwise on tapes x::rest and a::b::c::rest with x = (aM+b)M+c, the real run and H1(renA A) agree, table offset 2 and adversary requests renamed, unless H1's table holds the seed's expansion request (run_couple, win_couple); that event names the seed among H1's mode-3 entry inputs, at most qh (adversary hash queries only), so it costs qh/2^256 over the seeds (seedBad_guess, seedGuess_qh). seed_hop: Pr[real won] <= Pr[H1 won by renA A] + qh/2^256. With C64: for SPX256f, Pr[won] <= (22*qh + 368023)/2^256 over a uniform 32-byte seed and the oracle (real_win_256f). The oracle answers each (seed, length) request independently, while ChaCha20 is prefix-consistent, which is detectable with any known seed; so replacing actual ChaCha20 by this oracle is a separate computational assumption (expansion of a uniform secret seed indistinguishable from uniform 3n bytes) that any implementation-level claim must keep; DSM's seed derivation from S_master, the multi-key accounting and SPX128f's real-game composition are not covered	lean4/Sphincs/RomSeed.lean:be_split3,lean4/Sphincs/RomSeed.lean:slices_split3,lean4/Sphincs/RomSeed.lean:expand_slices_sum,lean4/Sphincs/RomSeed.lean:m_sign,lean4/Sphincs/RomSeed.lean:m_verify,lean4/Sphincs/RomSeed.lean:m_kgTail,lean4/Sphincs/RomSeed.lean:ren_inj,lean4/Sphincs/RomSeed.lean:findDraw_ren,lean4/Sphincs/RomSeed.lean:RenR.refl,lean4/Sphincs/RomSeed.lean:play_ren,lean4/Sphincs/RomSeed.lean:budget_ren,lean4/Sphincs/RomSeed.lean:run_couple,lean4/Sphincs/RomSeed.lean:run_congr,lean4/Sphincs/RomSeed.lean:realQT_eq,lean4/Sphincs/RomSeed.lean:runR_first,lean4/Sphincs/RomSeed.lean:win_couple,lean4/Sphincs/RomSeed.lean:play_m3,lean4/Sphincs/RomSeed.lean:game_m3,lean4/Sphincs/RomSeed.lean:run_cnt,lean4/Sphincs/RomSeed.lean:seedBad_guess,lean4/Sphincs/RomSeed.lean:seedGuess_qh,lean4/Sphincs/RomSeed.lean:runR_mod,lean4/Sphincs/RomSeed.lean:runG_mod,lean4/Sphincs/RomSeed.lean:sum_mod_eq,lean4/Sphincs/RomSeed.lean:sum_cube,lean4/Sphincs/RomSeed.lean:seed_hop,lean4/Sphincs/RomSeed.lean:real_win_256f	one lazily sampled random oracle shared by all modes (ChaCha20Rng as mode 3, independent of BLAKE3's modes 0-2), tape entries uniform in [0, R) with R = c*256^(3n)*256^m, c > 0; uniform 32-byte seed; adversary within Budget A qh qs; qs <= 2^64; one key	P/lib.rs::generate_keypair_from_seed,P/lib.rs::sign,P/lib.rs::verify	—	PROVED
C66	SPHINCS_SECURITY_CHARTER (multi-key: adaptive key creation, reordering, overlap, reduction)	Multi-key game mplay: the adversary creates keys adaptively (newKey; key j from seed sd j, generated when asked), signs under any created key, hashes, and claims a forgery (j, m, s); MBudget M qh qk qs. Split at the target i (mplay_split): mplay(sd with s at i) = X >>= (if created then Ygen s >>= Z else Z'), X = mUntil runs until the adversary asks for key i (a point it chooses from its view) and reads only seeds below i, so the target seed enters only through Ygen s; a forgery against key i implies the target was created (leaves_mUntil). Reordering (reorder, generic in the result type): G = X >>= (if c then Y >>= Z else Z') and G' = Y >>= X >>= (if c then Z y else Z'), with the target's key passed on only at the creation point; a tape bijection rotating the fresh-draw blocks of X alone and Y alone (tsum_bij) gives equal results unless X alone and Y alone draw a common request Ov (reorder_point): Pr[created and P(G)] <= Pr[P(G')] + Pr[Ov]. Overlap by provenance (gk_shape, ov_incl): every request of the target's key generation alone is the expansion request of s, the PK.seed or SK.seed key derivation of the expansion output on fresh coordinate p, or keyed by the tweak or PRF key on p+1, p+2; so Ov means a request of X (fixed before p) equals one of five values X never read, each uniform 256-bit at SPX256f; no key-derived collision or structural case arises. ov_count: Pr[Ov] <= A*(3/256^n + 2/256^32) over the target's seed and the tapes, A bounding X's draws (5A/2^256 at SPX256f), not 17185 per request. Reduction (simB, sim_target): the reordered game is, request for request (TagRel, run_tagRel), the single-key real game against redB, which simulates other keys' key generation, signing and claim verification with hash queries (qtA), takes the challenger's pk as key i, and forwards key i's signing queries and claim; redB does not depend on the target's seed. Request counts of the routines as query trees: key generation kgC+1 = 17186, signing signC = 1704961, verification verC = 17523 at SPX256f (a_keygen, a_sign, a_verify); budget_simB: Budget (redB pk) Q qs with Q = qh + 17186*qk + 1704961*qs + 17523, and Q bounds the game's requests (cnt_mUntil). forge_target_256f: for every target i and every choice of the other seeds, averaged over the target's uniform seed and the oracle, Pr[forge under key i] <= (22Q + 368023)/2^256 + 5Q/2^256. forge_any_256f: with an independent uniform seed vector, Pr[forge under some key] <= qk*(27Q + 368023)/2^256 (about 2^-146.5 at qh = qs = 2^64, qk = 2^20, evaluated outside Lean). Not covered: DSM's per-step seed derivation from S_master (keyed BLAKE3) and the final DSM statement; the ChaCha20 boundary of C65 applies unchanged	lean4/Sphincs/RomMulti.lean:tsum_bij,lean4/Sphincs/RomMulti.lean:run_prefixR,lean4/Sphincs/RomMulti.lean:run_shift,lean4/Sphincs/RomMulti.lean:run_equiv,lean4/Sphincs/RomMulti.lean:psi_phi,lean4/Sphincs/RomMulti.lean:phi_psi,lean4/Sphincs/RomMulti.lean:reorder_point,lean4/Sphincs/RomMulti.lean:reorder,lean4/Sphincs/RomMulti.lean:gk_shape,lean4/Sphincs/RomMulti.lean:coord_hitB,lean4/Sphincs/RomMulti.lean:hitsB_sum,lean4/Sphincs/RomMulti.lean:cnt_key,lean4/Sphincs/RomMulti.lean:cnt_pk,lean4/Sphincs/RomMulti.lean:cnt_sk,lean4/Sphincs/RomMulti.lean:runX_set,lean4/Sphincs/RomMulti.lean:wX_sum,lean4/Sphincs/RomMulti.lean:ov_incl,lean4/Sphincs/RomMulti.lean:seed_sum,lean4/Sphincs/RomMulti.lean:ov_count,lean4/Sphincs/RomQCost.lean:a_keygen,lean4/Sphincs/RomQCost.lean:a_sign,lean4/Sphincs/RomQCost.lean:a_verify,lean4/Sphincs/RomMultiKey.lean:run_tagRel,lean4/Sphincs/RomMultiKey.lean:play_qtA,lean4/Sphincs/RomMultiKey.lean:budget_qtA,lean4/Sphincs/RomMultiKey.lean:mplay_split,lean4/Sphincs/RomMultiKey.lean:leaves_mUntil,lean4/Sphincs/RomMultiKey.lean:sim_after,lean4/Sphincs/RomMultiKey.lean:sim_before,lean4/Sphincs/RomMultiKey.lean:sim_target,lean4/Sphincs/RomMultiKey.lean:cnt_mUntil,lean4/Sphincs/RomMultiKey.lean:budget_simB,lean4/Sphincs/RomMultiKey.lean:forge_target_256f,lean4/Sphincs/RomMultiKey.lean:coord_avg,lean4/Sphincs/RomMultiKey.lean:leaves_mplay,lean4/Sphincs/RomMultiKey.lean:forge_any_256f	one lazily sampled random oracle shared by all modes (ChaCha20Rng as mode 3); tape entries uniform in [0, R) with R = c*256^(3n)*256^m, c > 0, tapes of N = Q + 1704962*qs + 398863 coordinates; keys' seeds independent uniform 32-byte values (independent-seed hybrid); adversary within MBudget M qh qk qs; qs <= 2^64	P/lib.rs::generate_keypair_from_seed,P/lib.rs::sign,P/lib.rs::verify	—	PROVED
C67	SPHINCS_SECURITY_CHARTER (DSM per-step seed derivation: context injectivity, PRF hop)	DSM per-step seed E = keyed-BLAKE3(Smaster, 'DSM/ek/v1' 0x00 alg_id chain_id h_n C_pre k_step) (ekSeedInput). Context injectivity (ekSeedInput_inj): distinct (alg_id, chain_id, h_n, C_pre, k_step) give distinct inputs for any alg_id, as the four 32-byte fields make the total length fix |alg_id|. Domain separation (ekDom_coins): no 'DSM/kyber-coins/v1' input (also keyed by Smaster) is a per-step input. DSM game dplay: adversary gets aux K of Smaster K; asks for the per-step key of contexts it chooses adaptively (a repeated context returns the existing key; at most qn requests), any other Smaster-keyed derivation in full (leak, at most ql; covers the ML-KEM coins), hash queries qh and signing queries qs under any per-step key; claims a forgery. Derivation as requests of FQT trees: real world resF (dsmF K = Blake3.keyedHash under be 32 K; 32-byte output passed unchanged as the seed, dsmF_length, seedOf_dsmF); ideal world resL, one lazily sampled random function from one vector of qn + ql uniform 32-byte values. split_rf: a lazily sampled random function on two disjoint domains equals two independent ones, exactly on every oracle tape (adaptive inputs included). dsim: the ideal DSM game with per-step answers from ss1 is the C66 multi-key game with seeds ss1 in creation order against trans (new key only for a new context; other derivations from its own random function), within MBudget qh qn qs (mbudget_trans); derivation requests counted by fc_dplay. dsm_ideal_256f: Pr_ideal[forge under some per-step key] <= qn*(27Q + 368023)/2^256, Q = qh + 17186*qn + 1704961*qs + 17523. dsm_forge_256f: Pr_real <= Adv + qn*(27Q + 368023)/2^256, Adv = Pr_real - Pr_ideal, the PRF advantage of the game as a distinguisher with <= qn + ql derivation queries given aux K. Adv is not bounded: it is the assumption, and it must allow aux (DSM derives the published ML-KEM key from Smaster by unkeyed BLAKE3, generate_kyber_keypair_from_entropy), so it is not the plain PRF assumption. Not covered: Smaster's derivation from s0; the ChaCha20 boundary of C65; keyed BLAKE3 as a concrete function next to the random oracle for SPHINCS+ hashing	lean4/Sphincs/RomDerive.lean:ekSeedInput_inj,lean4/Sphincs/RomDerive.lean:ekDom_seed,lean4/Sphincs/RomDerive.lean:ekDom_coins,lean4/Sphincs/RomDerive.lean:ekIn_inj,lean4/Sphincs/RomDerive.lean:rlook_snoc,lean4/Sphincs/RomDerive.lean:FC.mono,lean4/Sphincs/RomDerive.lean:tabInv_snoc1,lean4/Sphincs/RomDerive.lean:tabInv_snoc2,lean4/Sphincs/RomDerive.lean:split_rf,lean4/Sphincs/RomDerive.lean:tsum_comm,lean4/Sphincs/RomDerive.lean:resL2_lift,lean4/Sphincs/RomDerive.lean:resL2_bind_lift,lean4/Sphincs/RomDerive.lean:seedOf_be,lean4/Sphincs/RomDerive.lean:cidx_none,lean4/Sphincs/RomDerive.lean:dsim,lean4/Sphincs/RomDerive.lean:mbudget_trans,lean4/Sphincs/RomDerive.lean:fc_dplay,lean4/Sphincs/RomDerive.lean:be_toInt,lean4/Sphincs/RomDerive.lean:seedOf_id,lean4/Sphincs/RomDerive.lean:dsmF_length,lean4/Sphincs/RomDerive.lean:seedOf_dsmF,lean4/Sphincs/RomDerive.lean:dsm_ideal_256f,lean4/Sphincs/RomDerive.lean:dsm_forge_256f	keyed BLAKE3 under Smaster is a PRF given aux(Smaster) (advantage Adv, not proved); Smaster uniform, independent of all else but aux; one lazily sampled random oracle for SPHINCS+ (ChaCha20Rng as mode 3), R = c*256^(3n)*256^m, c > 0, tapes of N = Q + 1704962*qs + 398863 coordinates; adversary within DBudget A qh qn ql qs; qs <= 2^64	C/crypto/ephemeral_key.rs::derive_ephemeral_seed,C/crypto/ephemeral_key.rs::derive_kyber_coins,C/crypto/ephemeral_key.rs::generate_ephemeral_keypair,S/sdk/receipts.rs::derive_per_step_ek,C/crypto/kyber.rs::generate_kyber_keypair_from_entropy	—	PROVED
C68	SPHINCS_SECURITY_CHARTER (DSM key schedule KS1: Extract-then-Expand, input injectivity, domain separation)	Key schedule KS1 (core::identity::key_schedule): PRK_w = Extract('DSM/kdf/wallet-root/v1' 0x00, wallet_seed); genesis nonce, GRK seed, AttA, device seed, s0, SDK entropy, recovery AEAD and recovery authority are Expands of PRK_w with info = label 0x00 fields (lp(net) = u32 LE length then bytes; idx, ver, slot u32 LE; G, DevID, aph 32 bytes); PRK_d = Extract('DSM/kdf/device-root/v1' 0x00, device seed) gives the AK seed; PRK_s0 = Extract('DSM/kdf/s0-root/v1' 0x00, s0) gives Smaster and the chain-head at-rest key as sibling Expands; the ML-KEM identity seed is keyed-BLAKE3(Smaster, 'DSM/ml-kem-identity/v1' 0x00 'ML-KEM-768'). HMAC = HMAC-BLAKE3 (RFC 2104), HKDF per RFC 5869. Proved: the three Extract salts are distinct (ks_salts_nodup); the eleven Expand labels are NUL-free and distinct (ksLabels_nul_free, ksLabels_nodup), so label 0x00 determines the label (ksInfo_split); under PRK_w the info determines the node and its whole context for u32 integers and network ids shorter than 2^32 bytes (wnode_info_inj); under PRK_s0 Smaster and the at-rest key are distinct inputs for every context (snode_info_inj); the AK input determines aph (akInfo_inj); the per-step, ML-KEM coins and ML-KEM identity inputs under Smaster are pairwise distinct and the ML-KEM identity input is outside the per-step domain (smaster_inputs_distinct, ekDom_mlkem). dsm_forge_256f_ks1: C67's dsm_forge_256f with aux = [], since under KS1 the ML-KEM identity seed is one of the ql revealed derivations; Adv is the plain PRF advantage of keyed BLAKE3 under Smaster with <= qn + ql queries (an instance of C67; C67 unchanged). Tested, not proved: twelve KS1 vectors reproduced byte for byte by an independent Python HMAC-BLAKE3/HKDF (scripts/ks1_reference.py); phrases other than 24-word English BIP39 refused on every phrase-to-seed path; wallet creation only from the phrase generateMnemonic drew from OsRng (32 bytes) in the same process; restoring from a generated phrase reproduces G, nonce, DevID, AK, ML-KEM key, GRK, s0, Smaster and the recovery authority. Not covered: Extract of PRK_w from the BIP39 seed of a 256-bit mnemonic; the PRF/Expand hybrids under PRK_w, PRK_d, PRK_s0 with public siblings disclosed; Smaster uniform (C67's K) from KS1; the final bound with mnemonic entropy; the ChaCha20 boundary of C65; identities from the earlier schedule (C67's historical boundary)	lean4/Sphincs/KeySchedule.lean:le32_length,lean4/Sphincs/KeySchedule.lean:le32_inj,lean4/Sphincs/KeySchedule.lean:le32_split,lean4/Sphincs/KeySchedule.lean:lp_split,lean4/Sphincs/KeySchedule.lean:wire_split,lean4/Sphincs/KeySchedule.lean:ksLabels_nul_free,lean4/Sphincs/KeySchedule.lean:ksLabels_nodup,lean4/Sphincs/KeySchedule.lean:ks_salts_nodup,lean4/Sphincs/KeySchedule.lean:ksInfo_split,lean4/Sphincs/KeySchedule.lean:WNode.label_mem,lean4/Sphincs/KeySchedule.lean:WNode.tag_of_label,lean4/Sphincs/KeySchedule.lean:wnode_info_inj,lean4/Sphincs/KeySchedule.lean:snode_info_inj,lean4/Sphincs/KeySchedule.lean:akInfo_inj,lean4/Sphincs/KeySchedule.lean:ekDom_mlkem,lean4/Sphincs/KeySchedule.lean:smaster_inputs_distinct,lean4/Sphincs/KeySchedule.lean:dsm_forge_256f_ks1	injectivity and separation theorems: none; dsm_forge_256f_ks1: as C67 with no auxiliary input (keyed BLAKE3 under Smaster is a PRF, advantage Adv, not proved; Smaster uniform, not yet derived from KS1); u32 fields and network ids shorter than 2^32 bytes; OS CSPRNG gives 256 bits for generated mnemonics (platform assumption, tested for length only)	C/core/identity/key_schedule.rs::wallet_prk,C/core/identity/key_schedule.rs::device_prk,C/core/identity/key_schedule.rs::s0_prk,C/core/identity/key_schedule.rs::info,C/core/identity/key_schedule.rs::genesis_nonce,C/core/identity/key_schedule.rs::grk_seed,C/core/identity/key_schedule.rs::atta,C/core/identity/key_schedule.rs::device_seed,C/core/identity/key_schedule.rs::s0,C/core/identity/key_schedule.rs::sdk_entropy,C/core/identity/key_schedule.rs::recovery_aead_key,C/core/identity/key_schedule.rs::recovery_authority_seed,C/core/identity/key_schedule.rs::ak_seed,C/core/identity/key_schedule.rs::smaster,C/core/identity/key_schedule.rs::at_rest_key,C/core/identity/key_schedule.rs::ml_kem_seed,C/crypto/kyber.rs::generate_kyber_identity_keypair,C/recovery/capsule.rs::derive_recovery_key,C/recovery/capsule.rs::derive_recovery_authority_seed,S/sdk/recovery_sdk.rs::parse_wallet_mnemonic,S/sdk/recovery_sdk.rs::generate_mnemonic,S/sdk/recovery_sdk.rs::is_generated_mnemonic,S/handlers/system_routes.rs::handle_create_genesis_v2_query,S/init.rs::current_chain_head_at_rest_key	C/core/identity/key_schedule.rs::ks1_test_vectors,C/core/identity/key_schedule.rs::labels_are_distinct_and_nul_free,C/core/identity/key_schedule.rs::network_id_is_length_prefixed,C/core/identity/key_schedule.rs::the_at_rest_key_is_a_sibling_of_smaster,S/sdk/recovery_sdk.rs::a_generated_phrase_has_256_bits_and_restores_the_same_identity,S/sdk/recovery_sdk.rs::a_typed_in_phrase_is_not_a_generated_one,S/sdk/recovery_sdk.rs::a_twelve_word_phrase_is_refused,S/handlers/system_routes.rs::a_typed_in_phrase_creates_no_wallet,scripts/ks1_reference.py	PROVED
