# Generated by scripts/lean_axiom_audit.py; do not edit by hand.
# Core axioms (always permitted): Classical.choice, Quot.sound, propext.
# Never permitted: Lean.ofReduceBool, Lean.trustCompiler, sorryAx.
# Outside this audit: lean4/Sphincs/RustExtraction (Aeneas backend; gated by scripts/check_sphincs_source_refinement.sh).
module	theorem	axioms
lean4/DSMCardinality.lean	card_le_succ_of_le	(none)
lean4/DSMCardinality.lean	card_succ_le_of_lt	Quot.sound,propext
lean4/DSMCardinality.lean	commit_shape_emit	Quot.sound,propext
lean4/DSMCardinality.lean	emit_budget_positive	Quot.sound,propext
lean4/DSMCardinality.lean	empty_card_zero	(none)
lean4/DSMCardinality.lean	fresh_insert_cardinality	propext
lean4/DSMCardinality.lean	jap_in_proof_space	Quot.sound,propext
lean4/DSMCardinality.lean	subset_preserved_ack	(none)
lean4/DSMCardinality.lean	supply_conservation_emit	Quot.sound,propext
lean4/DSMCardinality.lean	unspent_budget_activate	Quot.sound,propext
lean4/DSMCardinality.lean	unspent_budget_emit	Quot.sound,propext
lean4/DSMCardinality.lean	unspent_budget_init	(none)
lean4/DSMCertChain.lean	SigScheme.round_trip	(none)
lean4/DSMCertChain.lean	certHash_injective_in_ekPk	propext
lean4/DSMCertChain.lean	cert_chain_first_step_anchored	propext
lean4/DSMCertChain.lean	cert_substitution_attack_resistant	propext
lean4/DSMCertChain.lean	chainValidAux_cons	propext
lean4/DSMCertChain.lean	chainValidAux_extend	propext
lean4/DSMCertChain.lean	chainValidAux_nil	propext
lean4/DSMCertChain.lean	chainValid_mk	propext
lean4/DSMCertChain.lean	empty_chain_head_is_ak	propext
lean4/DSMCertChain.lean	empty_chain_valid	propext
lean4/DSMCertChain.lean	extendChain_preserves_validity	propext
lean4/DSMCertChain.lean	extend_chain_length_strictly_grows	propext
lean4/DSMCertChain.lean	extend_empty_chain_valid	propext
lean4/DSMCryptoBinding.lean	SigScheme.correct	(none)
lean4/DSMCryptoBinding.lean	append_fixed_suffix_inj	Quot.sound,propext
lean4/DSMCryptoBinding.lean	claim_split_ambiguous_without_fixed_lock	propext
lean4/DSMCryptoBinding.lean	cross_domain_signature_retargeting_impossible	propext
lean4/DSMCryptoBinding.lean	math_owned_claim_retargeting_impossible	Quot.sound,propext
lean4/DSMCryptoBinding.lean	signature_retargeting_requires_same_digest	propext
lean4/DSMCryptoBinding.lean	signed_digest_verifies	(none)
lean4/DSMEconomicSmtSeparation.lean	IsUpdate.frame	(none)
lean4/DSMEconomicSmtSeparation.lean	IsUpdate.hit	(none)
lean4/DSMEconomicSmtSeparation.lean	absent_leaf_is_not_a_hash	(none)
lean4/DSMEconomicSmtSeparation.lean	absent_leaf_is_not_a_node	propext
lean4/DSMEconomicSmtSeparation.lean	absent_leaf_is_not_a_populated_leaf	propext
lean4/DSMEconomicSmtSeparation.lean	adequacy_needs_field_injectivity	propext
lean4/DSMEconomicSmtSeparation.lean	authenticated_value_unaffected	propext
lean4/DSMEconomicSmtSeparation.lean	class_non_interference	propext
lean4/DSMEconomicSmtSeparation.lean	cross_domain_non_interference	propext
lean4/DSMEconomicSmtSeparation.lean	default_node_is_never_a_populated_leaf	propext
lean4/DSMEconomicSmtSeparation.lean	default_node_zero_is_absent	propext
lean4/DSMEconomicSmtSeparation.lean	distinct_leaves_give_distinct_roots	propext
lean4/DSMEconomicSmtSeparation.lean	distinct_tags_have_disjoint_preimages	propext
lean4/DSMEconomicSmtSeparation.lean	econ_balance_key_injective	propext
lean4/DSMEconomicSmtSeparation.lean	econ_digests_differ_across_domains	propext
lean4/DSMEconomicSmtSeparation.lean	econ_domain_count	(none)
lean4/DSMEconomicSmtSeparation.lean	econ_domain_table_complete	propext
lean4/DSMEconomicSmtSeparation.lean	econ_domain_tag_injective	propext
lean4/DSMEconomicSmtSeparation.lean	econ_domain_tag_nul_free	propext
lean4/DSMEconomicSmtSeparation.lean	econ_domains_pairwise_disjoint	propext
lean4/DSMEconomicSmtSeparation.lean	econ_leaf_binds_key_and_value	propext
lean4/DSMEconomicSmtSeparation.lean	econ_leaf_injective	propext
lean4/DSMEconomicSmtSeparation.lean	econ_leaf_never_a_node	propext
lean4/DSMEconomicSmtSeparation.lean	econ_leaf_value_injective	propext
lean4/DSMEconomicSmtSeparation.lean	econ_leaf_value_never_a_leaf	propext
lean4/DSMEconomicSmtSeparation.lean	econ_leaf_value_never_a_node	propext
lean4/DSMEconomicSmtSeparation.lean	econ_node_argument_order_matters	propext
lean4/DSMEconomicSmtSeparation.lean	econ_node_injective	propext
lean4/DSMEconomicSmtSeparation.lean	econ_preimages_differ_across_domains	propext
lean4/DSMEconomicSmtSeparation.lean	econ_root_register_key_injective	propext
lean4/DSMEconomicSmtSeparation.lean	empty_economic_root_is_a_node	propext
lean4/DSMEconomicSmtSeparation.lean	encodeDigs_length	Quot.sound,propext
lean4/DSMEconomicSmtSeparation.lean	encode_balance_key_inputs_injective	propext
lean4/DSMEconomicSmtSeparation.lean	encode_consumed_source_key_inputs_injective	propext
lean4/DSMEconomicSmtSeparation.lean	fixed_width_pair_injective	propext
lean4/DSMEconomicSmtSeparation.lean	fixed_width_quad_injective	propext
lean4/DSMEconomicSmtSeparation.lean	fixed_width_triple_injective	propext
lean4/DSMEconomicSmtSeparation.lean	foldStep_injective	propext
lean4/DSMEconomicSmtSeparation.lean	fold_path_inhabited	propext
lean4/DSMEconomicSmtSeparation.lean	fold_path_injective	propext
lean4/DSMEconomicSmtSeparation.lean	global_injectivity_would_smuggle_in_the_zero_claim	propext
lean4/DSMEconomicSmtSeparation.lean	intra_class_non_interference	propext
lean4/DSMEconomicSmtSeparation.lean	k_root_aliases_no_leaf_key_domain	propext
lean4/DSMEconomicSmtSeparation.lean	leaf_node_absent_iff_empty	propext
lean4/DSMEconomicSmtSeparation.lean	node_of_two_absent_is_default_one	propext
lean4/DSMEconomicSmtSeparation.lean	nul_freedom_is_load_bearing	propext
lean4/DSMEconomicSmtSeparation.lean	populated_leaf_is_not_the_zero_sentinel	(none)
lean4/DSMEconomicSmtSeparation.lean	root_lives_in_the_node_domain	propext
lean4/DSMEconomicSmtSeparation.lean	same_leaf_and_path_same_root	propext
lean4/DSMEconomicSmtSeparation.lean	tagged_encoding_unique_split	propext
lean4/DSMEconomicSmtSeparation.lean	update_frame	(none)
lean4/DSMEconomicSmtSeparation.lean	update_frame_needs_key_distinctness	(none)
lean4/DSMEconomicSmtSeparation.lean	update_hits_its_own_key	(none)
lean4/DSMEconomicSmtSeparation.lean	update_inhabited	(none)
lean4/DSMGuardedTripwire.lean	candidate_digest_binds	propext
lean4/DSMGuardedTripwire.lean	candidate_digest_binds_or_collides	propext
lean4/DSMGuardedTripwire.lean	candidate_multiplicity_without_realized_fork	propext
lean4/DSMGuardedTripwire.lean	canonical_encode_injective	propext
lean4/DSMGuardedTripwire.lean	conflict_excludes_corealization	(none)
lean4/DSMGuardedTripwire.lean	consumed_monotone	propext
lean4/DSMGuardedTripwire.lean	disjoint_progress_two_steps	propext
lean4/DSMGuardedTripwire.lean	encodeKeys_injective	propext
lean4/DSMGuardedTripwire.lean	famConflict_well_formed	propext
lean4/DSMGuardedTripwire.lean	guarded_tripwire_at_key	(none)
lean4/DSMGuardedTripwire.lean	guarded_tripwire_exists	(none)
lean4/DSMGuardedTripwire.lean	hardened_single_consumption	(none)
lean4/DSMGuardedTripwire.lean	key_consumed_after_step	propext
lean4/DSMGuardedTripwire.lean	malformed_family_admits_fork	propext
lean4/DSMGuardedTripwire.lean	no_reconsume_same_key	(none)
lean4/DSMGuardedTripwire.lean	no_resource_local_cycle	propext
lean4/DSMGuardedTripwire.lean	realized_unique_at_key	(none)
lean4/DSMGuardedTripwire.lean	step_inhabited	propext
lean4/DSMNativeReserve.lean	DSMNativeReserve.a_release_conserves_the_reserve	propext
lean4/DSMNativeReserve.lean	DSMNativeReserve.a_zero_release_is_refused	Quot.sound,propext
lean4/DSMNativeReserve.lean	DSMNativeReserve.additional_replicas_do_not_alter_the_winner	(none)
lean4/DSMNativeReserve.lean	DSMNativeReserve.an_overdraft_is_refused	(none)
lean4/DSMNativeReserve.lean	DSMNativeReserve.faucet_claim_names_its_claimant_as_recipient	(none)
lean4/DSMNativeReserve.lean	DSMNativeReserve.final_requires_leader	(none)
lean4/DSMNativeReserve.lean	DSMNativeReserve.finality_without_the_deterministic_leader_is_impossible	propext
lean4/DSMNativeReserve.lean	DSMNativeReserve.generations_count_releases	Quot.sound,propext
lean4/DSMNativeReserve.lean	DSMNativeReserve.no_creator_backout	Quot.sound,propext
lean4/DSMNativeReserve.lean	DSMNativeReserve.no_valid_reserve_transition_can_mint_era	(none)
lean4/DSMNativeReserve.lean	DSMNativeReserve.release_never_exceeds_the_reserve	(none)
lean4/DSMNativeReserve.lean	DSMNativeReserve.the_first_recognized_object_wins	propext
lean4/DSMNativeReserve.lean	DSMNativeReserve.the_last_unit_exhausts_the_reserve	(none)
lean4/DSMNativeReserve.lean	DSMNativeReserve.the_reserve_never_grows	Quot.sound,propext
lean4/DSMNativeReserve.lean	DSMNativeReserve.the_successor_is_the_next_generation	(none)
lean4/DSMNativeReserve.lean	DSMNativeReserve.three_holders_is_final	(none)
lean4/DSMNativeReserve.lean	DSMNativeReserve.total_era_is_conserved	Quot.sound,propext
lean4/DSMNativeReserve.lean	DSMNativeReserve.unrecognized_bytes_never_occupy_the_cell	propext
lean4/DSMNonInterference.lean	commit_hits_its_own_target	propext
lean4/DSMNonInterference.lean	commit_is_not_a_noop	propext
lean4/DSMNonInterference.lean	distinct_pairs_do_not_interfere	propext
lean4/DSMNonInterference.lean	operation_locality	propext
lean4/DSMNonInterference.lean	per_pair_conservation	Quot.sound,propext
lean4/DSMNonInterference.lean	relKey_injective	propext
lean4/DSMNonInterference.lean	relKey_normalized	Quot.sound,propext
lean4/DSMNonInterference.lean	relKey_symmetric	Classical.choice,Quot.sound,propext
lean4/DSMNonInterference.lean	separation_inactive_zero_refresh	Classical.choice,Quot.sound,propext
lean4/DSMNonInterference.lean	separation_refresh_bound	propext
lean4/DSMOfflineAnchorOrigin.lean	commit_inhabited	(none)
lean4/DSMOfflineAnchorOrigin.lean	committed_record_unique_per_anchor_origin	(none)
lean4/DSMOfflineAnchorOrigin.lean	distinct_content_forks	(none)
lean4/DSMOfflineAnchorOrigin.lean	keyOf_inj	(none)
lean4/DSMOfflineAnchorOrigin.lean	offline_anchor_origin_unique	(none)
lean4/DSMOfflineFinality.lean	DSMOfflineFinality.both_or_neither	propext
lean4/DSMOfflineFinality.lean	DSMOfflineFinality.cancel_after_confirm_breaks_both_or_neither	propext
lean4/DSMOfflineFinality.lean	DSMOfflineFinality.frame_before_durable_breaks_both_or_neither	propext
lean4/DSMOfflineFinality.lean	DSMOfflineFinality.inv_init	propext
lean4/DSMOfflineFinality.lean	DSMOfflineFinality.inv_step	propext
lean4/DSMOfflineFinality.lean	DSMOfflineFinality.link_loss_failing_steps_breaks_both_or_neither	propext
lean4/DSMRecognition.lean	DSMRecognition.Adversary.euf	(none)
lean4/DSMRecognition.lean	DSMRecognition.Adversary.seen_verifies	(none)
lean4/DSMRecognition.lean	DSMRecognition.Crypto.sign_verify_round_trip	(none)
lean4/DSMRecognition.lean	DSMRecognition.constructible_implies_recognized	propext
lean4/DSMRecognition.lean	DSMRecognition.constructible_implies_valid	propext
lean4/DSMRecognition.lean	DSMRecognition.consumed_source_is_not_recognized	(none)
lean4/DSMRecognition.lean	DSMRecognition.decode_encode	(none)
lean4/DSMRecognition.lean	DSMRecognition.decode_sound	(none)
lean4/DSMRecognition.lean	DSMRecognition.encode_inj	propext
lean4/DSMRecognition.lean	DSMRecognition.forged_signature_is_not_recognized	(none)
lean4/DSMRecognition.lean	DSMRecognition.hostile_bytes_never_become_state	(none)
lean4/DSMRecognition.lean	DSMRecognition.msgOf_inj	propext
lean4/DSMRecognition.lean	DSMRecognition.non_canonical_encoding_is_not_recognized	(none)
lean4/DSMRecognition.lean	DSMRecognition.overdraft_is_not_recognized	(none)
lean4/DSMRecognition.lean	DSMRecognition.recognized_implies_valid	(none)
lean4/DSMRecognition.lean	DSMRecognition.replayed_signature_pins_the_fields	propext
lean4/DSMRecognition.lean	DSMRecognition.valid_implies_recognized	(none)
lean4/DSMRecognition.lean	DSMRecognition.valid_is_not_recognized_by_definition	(none)
lean4/DSMRecognition.lean	DSMRecognition.wrong_coordinate_is_not_recognized	(none)
lean4/DSMRecognition.lean	DSMRecognition.wrong_parent_is_not_recognized	(none)
lean4/DSMRecognition.lean	DSMRecognition.wrong_proof_is_not_recognized	(none)
lean4/DSMRouteChain.lean	DSMRouteChain.chain_uniqueness	(none)
lean4/DSMRouteChain.lean	DSMRouteChain.contains_of_grows	propext
lean4/DSMRouteChain.lean	DSMRouteChain.final_stable	Quot.sound,propext
lean4/DSMRouteChain.lean	DSMRouteChain.further_links_mono	propext
lean4/DSMRouteChain.lean	DSMRouteChain.leader_held_stable	propext
lean4/DSMRouteChain.lean	DSMRouteChain.length_filter_le_of_imp	propext
lean4/DSMSofiAtomicity.lean	DSMSofiAtomicity.Coherent.consumed_route_exclusive	(none)
lean4/DSMSofiAtomicity.lean	DSMSofiAtomicity.Coherent.lost_not_final_on_e	(none)
lean4/DSMSofiAtomicity.lean	DSMSofiAtomicity.Evolves.cell	(none)
lean4/DSMSofiAtomicity.lean	DSMSofiAtomicity.Evolves.conformance	(none)
lean4/DSMSofiAtomicity.lean	DSMSofiAtomicity.Evolves.consumedElsewhere	(none)
lean4/DSMSofiAtomicity.lean	DSMSofiAtomicity.Evolves.live	(none)
lean4/DSMSofiAtomicity.lean	DSMSofiAtomicity.Evolves.lostTo	(none)
lean4/DSMSofiAtomicity.lean	DSMSofiAtomicity.Evolves.misbodied	(none)
lean4/DSMSofiAtomicity.lean	DSMSofiAtomicity.Evolves.parent	(none)
lean4/DSMSofiAtomicity.lean	DSMSofiAtomicity.Evolves.parentStatus	(none)
lean4/DSMSofiAtomicity.lean	DSMSofiAtomicity.Evolves.registered	(none)
lean4/DSMSofiAtomicity.lean	DSMSofiAtomicity.Evolves.setupValid	(none)
lean4/DSMSofiAtomicity.lean	DSMSofiAtomicity.Evolves.validation	(none)
lean4/DSMSofiAtomicity.lean	DSMSofiAtomicity.FenceInv.fenced	(none)
lean4/DSMSofiAtomicity.lean	DSMSofiAtomicity.FenceInv.no_gap	(none)
lean4/DSMSofiAtomicity.lean	DSMSofiAtomicity.FenceInv.reach	Quot.sound,propext
lean4/DSMSofiAtomicity.lean	DSMSofiAtomicity.FenceInv.step	Quot.sound,propext
lean4/DSMSofiAtomicity.lean	DSMSofiAtomicity.HashModel.dominates	(none)
lean4/DSMSofiAtomicity.lean	DSMSofiAtomicity.HashModel.injective	(none)
lean4/DSMSofiAtomicity.lean	DSMSofiAtomicity.Refines.rfl	propext
lean4/DSMSofiAtomicity.lean	DSMSofiAtomicity.Validation.and_comm	(none)
lean4/DSMSofiAtomicity.lean	DSMSofiAtomicity.Validation.and_invalid_right	(none)
lean4/DSMSofiAtomicity.lean	DSMSofiAtomicity.a_candidate_that_never_registers_stays_pending	propext
lean4/DSMSofiAtomicity.lean	DSMSofiAtomicity.a_misbodied_pair_is_invalid	propext
lean4/DSMSofiAtomicity.lean	DSMSofiAtomicity.a_missing_p_waits_and_only_an_unsigned_f_refuses	(none)
lean4/DSMSofiAtomicity.lean	DSMSofiAtomicity.a_pass_through_token_is_never_credited	propext
lean4/DSMSofiAtomicity.lean	DSMSofiAtomicity.a_registered_rival_refuses_fulfillment	(none)
lean4/DSMSofiAtomicity.lean	DSMSofiAtomicity.a_route_credits_only_its_output	propext
lean4/DSMSofiAtomicity.lean	DSMSofiAtomicity.admitted_credits_were_adopted	Quot.sound,propext
lean4/DSMSofiAtomicity.lean	DSMSofiAtomicity.advance_extends_validated_lineage	(none)
lean4/DSMSofiAtomicity.lean	DSMSofiAtomicity.advance_on_the_ladder_extends_validated_lineage	propext
lean4/DSMSofiAtomicity.lean	DSMSofiAtomicity.allV_eq_unavailable_of	Quot.sound,propext
lean4/DSMSofiAtomicity.lean	DSMSofiAtomicity.allV_invalid_iff	propext
lean4/DSMSofiAtomicity.lean	DSMSofiAtomicity.allV_map_ne_invalid	Quot.sound,propext
lean4/DSMSofiAtomicity.lean	DSMSofiAtomicity.allV_map_refines	propext
lean4/DSMSofiAtomicity.lean	DSMSofiAtomicity.allV_map_refines'	propext
lean4/DSMSofiAtomicity.lean	DSMSofiAtomicity.allV_map_valid_iff	Quot.sound,propext
lean4/DSMSofiAtomicity.lean	DSMSofiAtomicity.allV_valid_iff	Quot.sound,propext
lean4/DSMSofiAtomicity.lean	DSMSofiAtomicity.an_empty_chain_refutes_nothing	propext
lean4/DSMSofiAtomicity.lean	DSMSofiAtomicity.an_unadopted_credit_is_not_admitted	Quot.sound,propext
lean4/DSMSofiAtomicity.lean	DSMSofiAtomicity.an_unadopted_pass_through_still_admits	propext
lean4/DSMSofiAtomicity.lean	DSMSofiAtomicity.an_undecided_or_terminal_position_extends_nothing	(none)
lean4/DSMSofiAtomicity.lean	DSMSofiAtomicity.an_unestablished_parent_neither_consumes_nor_defeats	(none)
lean4/DSMSofiAtomicity.lean	DSMSofiAtomicity.and_refines	propext
lean4/DSMSofiAtomicity.lean	DSMSofiAtomicity.applyMutations_grows	propext
lean4/DSMSofiAtomicity.lean	DSMSofiAtomicity.at_most_one_candidate_registers_per_position	(none)
lean4/DSMSofiAtomicity.lean	DSMSofiAtomicity.at_most_one_unresolved_fulfillment_per_lineage	Quot.sound,propext
lean4/DSMSofiAtomicity.lean	DSMSofiAtomicity.aux_candidate_cannot_establish_invalid	propext
lean4/DSMSofiAtomicity.lean	DSMSofiAtomicity.aux_candidates_are_content_addressed_no_singleton_slot	Quot.sound,propext
lean4/DSMSofiAtomicity.lean	DSMSofiAtomicity.bound_violation_is_invalid_never_unavailable	propext
lean4/DSMSofiAtomicity.lean	DSMSofiAtomicity.budget_exhaustion_never_yields_invalid	propext
lean4/DSMSofiAtomicity.lean	DSMSofiAtomicity.close_by_current_authority	(none)
lean4/DSMSofiAtomicity.lean	DSMSofiAtomicity.closure_admits_prior_e	propext
lean4/DSMSofiAtomicity.lean	DSMSofiAtomicity.closure_refuses_current_e_classes	propext
lean4/DSMSofiAtomicity.lean	DSMSofiAtomicity.conditional_parent_on_another_branch_is_invalid	propext
lean4/DSMSofiAtomicity.lean	DSMSofiAtomicity.conditional_parent_pending_keeps_the_position_pending	propext
lean4/DSMSofiAtomicity.lean	DSMSofiAtomicity.conformance_valid_iff	Classical.choice,Quot.sound,propext
lean4/DSMSofiAtomicity.lean	DSMSofiAtomicity.conforming_is_signature_bound	(none)
lean4/DSMSofiAtomicity.lean	DSMSofiAtomicity.consumedRoute_iff	Quot.sound,propext
lean4/DSMSofiAtomicity.lean	DSMSofiAtomicity.consumedRoute_mono	Quot.sound,propext
lean4/DSMSofiAtomicity.lean	DSMSofiAtomicity.contended_is_coherent	Quot.sound,propext
lean4/DSMSofiAtomicity.lean	DSMSofiAtomicity.counting_garbage_flips_an_honest_route	(none)
lean4/DSMSofiAtomicity.lean	DSMSofiAtomicity.cross_network_route_is_invalid	Classical.choice,Quot.sound,propext
lean4/DSMSofiAtomicity.lean	DSMSofiAtomicity.current_e_objects_never_in_closure	Quot.sound,propext
lean4/DSMSofiAtomicity.lean	DSMSofiAtomicity.descendant_requires_resolved_predecessor	propext
lean4/DSMSofiAtomicity.lean	DSMSofiAtomicity.early_cell_cannot_cause_consumption	propext
lean4/DSMSofiAtomicity.lean	DSMSofiAtomicity.enc_dominates	Quot.sound,propext
lean4/DSMSofiAtomicity.lean	DSMSofiAtomicity.enc_injective	Quot.sound,propext
lean4/DSMSofiAtomicity.lean	DSMSofiAtomicity.enc_pos	Quot.sound,propext
lean4/DSMSofiAtomicity.lean	DSMSofiAtomicity.fLegs_conforming	Quot.sound,propext
lean4/DSMSofiAtomicity.lean	DSMSofiAtomicity.fenceInv_empty	(none)
lean4/DSMSofiAtomicity.lean	DSMSofiAtomicity.fence_on_one_kind_admits_a_speculative_descendant	(none)
lean4/DSMSofiAtomicity.lean	DSMSofiAtomicity.fetched_ne_invalid	propext
lean4/DSMSofiAtomicity.lean	DSMSofiAtomicity.fetched_refines	propext
lean4/DSMSofiAtomicity.lean	DSMSofiAtomicity.fetched_valid_iff	propext
lean4/DSMSofiAtomicity.lean	DSMSofiAtomicity.fulfillment_atomic_all_or_none	Quot.sound,propext
lean4/DSMSofiAtomicity.lean	DSMSofiAtomicity.fulfillment_may_void_under_contention	Quot.sound,propext
lean4/DSMSofiAtomicity.lean	DSMSofiAtomicity.fulfillment_registrable_after_parent_loss_resolves_void	Quot.sound,propext
lean4/DSMSofiAtomicity.lean	DSMSofiAtomicity.fulfillment_requires_complete_policy_fulfillment_set	Quot.sound,propext
lean4/DSMSofiAtomicity.lean	DSMSofiAtomicity.garbage_candidates_do_not_consume_fetch_bound	Classical.choice,Quot.sound,propext
lean4/DSMSofiAtomicity.lean	DSMSofiAtomicity.genesis_requires_validated_creation	(none)
lean4/DSMSofiAtomicity.lean	DSMSofiAtomicity.genesis_stored_is_not_accepted	(none)
lean4/DSMSofiAtomicity.lean	DSMSofiAtomicity.gid_depends_only_on_identity_fields	(none)
lean4/DSMSofiAtomicity.lean	DSMSofiAtomicity.gid_injective	propext
lean4/DSMSofiAtomicity.lean	DSMSofiAtomicity.gs_persist	(none)
lean4/DSMSofiAtomicity.lean	DSMSofiAtomicity.identity_and_signing_digest_are_domain_separated	propext
lean4/DSMSofiAtomicity.lean	DSMSofiAtomicity.identity_is_signature_independent	(none)
lean4/DSMSofiAtomicity.lean	DSMSofiAtomicity.incompatible_trader_transition_refuses_fulfillment	(none)
lean4/DSMSofiAtomicity.lean	DSMSofiAtomicity.invalid_refines_only_to_invalid	(none)
lean4/DSMSofiAtomicity.lean	DSMSofiAtomicity.invalid_terminates_lineage	(none)
lean4/DSMSofiAtomicity.lean	DSMSofiAtomicity.item5_valid_iff	propext
lean4/DSMSofiAtomicity.lean	DSMSofiAtomicity.item7_valid_iff	propext
lean4/DSMSofiAtomicity.lean	DSMSofiAtomicity.known_valid_iff	propext
lean4/DSMSofiAtomicity.lean	DSMSofiAtomicity.later_operations_keep_both_sides_equal	propext
lean4/DSMSofiAtomicity.lean	DSMSofiAtomicity.later_setups_confer_no_authority	propext
lean4/DSMSofiAtomicity.lean	DSMSofiAtomicity.leaf_chain_binds_each_operation	propext
lean4/DSMSofiAtomicity.lean	DSMSofiAtomicity.leaf_non_inclusion_admits_the_first_operation_once	propext
lean4/DSMSofiAtomicity.lean	DSMSofiAtomicity.legLost_false_of_ok	Quot.sound,propext
lean4/DSMSofiAtomicity.lean	DSMSofiAtomicity.legLost_mono	propext
lean4/DSMSofiAtomicity.lean	DSMSofiAtomicity.literal_ladder_is_not_permanent	propext
lean4/DSMSofiAtomicity.lean	DSMSofiAtomicity.locking_policy_fulfillment_is_a_free_lock	(none)
lean4/DSMSofiAtomicity.lean	DSMSofiAtomicity.mem_canonSet	Quot.sound,propext
lean4/DSMSofiAtomicity.lean	DSMSofiAtomicity.more_evidence_only_refines	Quot.sound,propext
lean4/DSMSofiAtomicity.lean	DSMSofiAtomicity.named_root_is_canonical	propext
lean4/DSMSofiAtomicity.lean	DSMSofiAtomicity.no_gap_above	(none)
lean4/DSMSofiAtomicity.lean	DSMSofiAtomicity.no_guarantee_without_prepare_lock	Quot.sound,propext
lean4/DSMSofiAtomicity.lean	DSMSofiAtomicity.no_install_extends_nothing	propext
lean4/DSMSofiAtomicity.lean	DSMSofiAtomicity.nothing_installed_iff_ladder_selects_no_root	propext
lean4/DSMSofiAtomicity.lean	DSMSofiAtomicity.orphaned_is_never_canonical	propext
lean4/DSMSofiAtomicity.lean	DSMSofiAtomicity.own_conditional_successor_does_not_expire_T0	Quot.sound,propext
lean4/DSMSofiAtomicity.lean	DSMSofiAtomicity.p_g_f_hash_order_acyclic	Quot.sound,propext
lean4/DSMSofiAtomicity.lean	DSMSofiAtomicity.parent_compatible_is_not_pending	propext
lean4/DSMSofiAtomicity.lean	DSMSofiAtomicity.parent_on_an_invalid_lineage_is_invalid	propext
lean4/DSMSofiAtomicity.lean	DSMSofiAtomicity.parent_states_are_exclusive	propext
lean4/DSMSofiAtomicity.lean	DSMSofiAtomicity.per_f_arm_diverges	(none)
lean4/DSMSofiAtomicity.lean	DSMSofiAtomicity.per_leg_consumption_is_partial_execution	(none)
lean4/DSMSofiAtomicity.lean	DSMSofiAtomicity.policy_fulfillment_bound_to_precommit_parent_and_shadow	Quot.sound,propext
lean4/DSMSofiAtomicity.lean	DSMSofiAtomicity.policy_fulfillment_identity_canonical_per_leg	propext
lean4/DSMSofiAtomicity.lean	DSMSofiAtomicity.policy_fulfillment_is_non_economic_and_non_locking	(none)
lean4/DSMSofiAtomicity.lean	DSMSofiAtomicity.position_pair_atomic	propext
lean4/DSMSofiAtomicity.lean	DSMSofiAtomicity.precommit_in_its_own_closure_is_unconstructible	Quot.sound,propext
lean4/DSMSofiAtomicity.lean	DSMSofiAtomicity.precommit_is_non_economic	(none)
lean4/DSMSofiAtomicity.lean	DSMSofiAtomicity.realize_root_installed_iff_ladder_realized	propext
lean4/DSMSofiAtomicity.lean	DSMSofiAtomicity.realized_excludes_void_evidence	Quot.sound,propext
lean4/DSMSofiAtomicity.lean	DSMSofiAtomicity.realized_requires_conformance	Quot.sound,propext
lean4/DSMSofiAtomicity.lean	DSMSofiAtomicity.realized_requires_valid_setup	Quot.sound,propext
lean4/DSMSofiAtomicity.lean	DSMSofiAtomicity.refutes_iff_a_different_root_at_that_generation	propext
lean4/DSMSofiAtomicity.lean	DSMSofiAtomicity.registered_but_nonconforming_is_invalid	propext
lean4/DSMSofiAtomicity.lean	DSMSofiAtomicity.registered_fulfillment_resolves_under_evidence_availability	Classical.choice,Quot.sound,propext
lean4/DSMSofiAtomicity.lean	DSMSofiAtomicity.registered_is_not_validated	(none)
lean4/DSMSofiAtomicity.lean	DSMSofiAtomicity.registration_is_not_conformance	Quot.sound,propext
lean4/DSMSofiAtomicity.lean	DSMSofiAtomicity.resolution_is_permanent	Quot.sound,propext
lean4/DSMSofiAtomicity.lean	DSMSofiAtomicity.resolve_realized_iff	Quot.sound,propext
lean4/DSMSofiAtomicity.lean	DSMSofiAtomicity.routeValidation_invalid_iff	propext
lean4/DSMSofiAtomicity.lean	DSMSofiAtomicity.routeValidation_refines	propext
lean4/DSMSofiAtomicity.lean	DSMSofiAtomicity.routeValidation_valid_iff	propext
lean4/DSMSofiAtomicity.lean	DSMSofiAtomicity.route_impossible_invalid_arm_monotone_without_f_quantification	propext
lean4/DSMSofiAtomicity.lean	DSMSofiAtomicity.route_impossible_orphan_and_consumed_elsewhere_arms	Quot.sound,propext
lean4/DSMSofiAtomicity.lean	DSMSofiAtomicity.route_validation_excludes_parent_canonicality	(none)
lean4/DSMSofiAtomicity.lean	DSMSofiAtomicity.route_validation_is_static	propext
lean4/DSMSofiAtomicity.lean	DSMSofiAtomicity.route_validation_refines	propext
lean4/DSMSofiAtomicity.lean	DSMSofiAtomicity.selected_root_is_committed	propext
lean4/DSMSofiAtomicity.lean	DSMSofiAtomicity.setup_bound_to_exact_envelope	(none)
lean4/DSMSofiAtomicity.lean	DSMSofiAtomicity.setup_ref_is_signature_independent	(none)
lean4/DSMSofiAtomicity.lean	DSMSofiAtomicity.setup_root_is_derived_not_chosen	propext
lean4/DSMSofiAtomicity.lean	DSMSofiAtomicity.single_root_parent_not_held_is_invalid	propext
lean4/DSMSofiAtomicity.lean	DSMSofiAtomicity.singleton_slot_is_hostile	propext
lean4/DSMSofiAtomicity.lean	DSMSofiAtomicity.sofi_void_has_zero_economic_effect	(none)
lean4/DSMSofiAtomicity.lean	DSMSofiAtomicity.speculative_descendants_never_admitted	Quot.sound,propext
lean4/DSMSofiAtomicity.lean	DSMSofiAtomicity.statusRefines_settled	propext
lean4/DSMSofiAtomicity.lean	DSMSofiAtomicity.storageResolved_mono	Quot.sound,propext
lean4/DSMSofiAtomicity.lean	DSMSofiAtomicity.stored_is_not_valid_and_registered_is_not_valid	(none)
lean4/DSMSofiAtomicity.lean	DSMSofiAtomicity.stranded_e_cell_is_not_partial_execution	Quot.sound,propext
lean4/DSMSofiAtomicity.lean	DSMSofiAtomicity.structurally_earlier_dependencies	propext
lean4/DSMSofiAtomicity.lean	DSMSofiAtomicity.supplying_the_valid_address_validates	propext
lean4/DSMSofiAtomicity.lean	DSMSofiAtomicity.terminal_parent_with_no_root_is_invalid_without_evidence	propext
lean4/DSMSofiAtomicity.lean	DSMSofiAtomicity.the_misbodied_rung_is_not_vacuous	(none)
lean4/DSMSofiAtomicity.lean	DSMSofiAtomicity.the_same_route_with_an_orphaned_parent_voids	(none)
lean4/DSMSofiAtomicity.lean	DSMSofiAtomicity.the_trader_parent_rungs_are_not_vacuous	(none)
lean4/DSMSofiAtomicity.lean	DSMSofiAtomicity.trader_parent_arm_is_monotone	(none)
lean4/DSMSofiAtomicity.lean	DSMSofiAtomicity.two_pow_mul_odd_inj	Quot.sound,propext
lean4/DSMSofiAtomicity.lean	DSMSofiAtomicity.unreached_generation_is_unavailable	propext
lean4/DSMSofiAtomicity.lean	DSMSofiAtomicity.unreached_generation_never_refutes	propext
lean4/DSMSofiAtomicity.lean	DSMSofiAtomicity.unread_storage_is_unavailable_never_invalid	Quot.sound,propext
lean4/DSMSofiAtomicity.lean	DSMSofiAtomicity.unretrieved_objects_never_establish_a_violation	Quot.sound,propext
lean4/DSMSofiAtomicity.lean	DSMSofiAtomicity.valid_refines_only_to_valid	(none)
lean4/DSMSofiAtomicity.lean	DSMSofiAtomicity.voidEvidence_mono	Quot.sound,propext
lean4/DSMSofiAtomicity.lean	DSMSofiAtomicity.void_gate_needs_the_empty_mutation_set	Quot.sound,propext
lean4/DSMSofiAtomicity.lean	DSMSofiAtomicity.void_root_installed_iff_ladder_void	propext
lean4/DSMSofiAtomicity.lean	DSMSofiAtomicity.withoutP_ne_valid	(none)
lean4/DSMSofiAtomicity.lean	DSMSofiAtomicity.without_evidence_a_registered_fulfillment_stays_pending	Quot.sound,propext
lean4/DSMSofiAtomicity.lean	DSMSofiAtomicity.witness_encoding_does_not_change_policy_fulfillment_id	(none)
lean4/DSMSofiStorage.lean	DSMSofiStorage.Discovered.objects_markIncomplete	(none)
lean4/DSMSofiStorage.lean	DSMSofiStorage.Discovered.objects_prepend	(none)
lean4/DSMSofiStorage.lean	DSMSofiStorage.a_wrong_namespace_never_counts	propext
lean4/DSMSofiStorage.lean	DSMSofiStorage.acquired_bytes_are_stored	Quot.sound,propext
lean4/DSMSofiStorage.lean	DSMSofiStorage.acquisition_decides_nothing	propext
lean4/DSMSofiStorage.lean	DSMSofiStorage.addr_inj	propext
lean4/DSMSofiStorage.lean	DSMSofiStorage.an_unestablished_candidate_is_never_none	propext
lean4/DSMSofiStorage.lean	DSMSofiStorage.an_unestablished_candidate_makes_discovery_partial	Quot.sound,propext
lean4/DSMSofiStorage.lean	DSMSofiStorage.counted_mem	propext
lean4/DSMSofiStorage.lean	DSMSofiStorage.counting_reads_agree	propext
lean4/DSMSofiStorage.lean	DSMSofiStorage.counts_some	propext
lean4/DSMSofiStorage.lean	DSMSofiStorage.discovered_recognizes_to_the_locator	propext
lean4/DSMSofiStorage.lean	DSMSofiStorage.every_published_match_is_discovered	Quot.sound,propext
lean4/DSMSofiStorage.lean	DSMSofiStorage.garbage_is_never_kept	propext
lean4/DSMSofiStorage.lean	DSMSofiStorage.invalid_dominates_and_unavailable_never_becomes_invalid	(none)
lean4/DSMSofiStorage.lean	DSMSofiStorage.kept_verifies	propext
lean4/DSMSofiStorage.lean	DSMSofiStorage.missing_evidence_is_unavailable_never_invalid	propext
lean4/DSMSofiStorage.lean	DSMSofiStorage.missing_evidence_never_hides_a_refusal	propext
lean4/DSMSofiStorage.lean	DSMSofiStorage.nothing_is_defaulted	Quot.sound,propext
lean4/DSMSofiStorage.lean	DSMSofiStorage.over_budget_is_unavailable_never_none	propext
lean4/DSMSofiStorage.lean	DSMSofiStorage.publish_indexes_the_address	Quot.sound,propext
lean4/DSMSofiStorage.lean	DSMSofiStorage.published_is_found	Quot.sound,propext
lean4/DSMSofiStorage.lean	DSMSofiStorage.published_is_found_past_foreign_candidates	Quot.sound,propext
lean4/DSMSofiStorage.lean	DSMSofiStorage.published_is_stored	Quot.sound,propext
lean4/DSMSofiStorage.lean	DSMSofiStorage.silence_acquires_nothing	Quot.sound,propext
lean4/DSMSofiStorage.lean	DSMSofiStorage.silence_never_counts	(none)
lean4/DSMSofiStorage.lean	DSMSofiStorage.stored_returns_exact_bytes	propext
lean4/DSMSofiStorage.lean	DSMSofiStorage.the_producer_proceeds_only_on_valid	propext
lean4/DSMSofiStorage.lean	DSMSofiStorage.two_members_is_not_stored	(none)
lean4/DSMSofiStorage.lean	DSMSofiStorage.unavailable_stops_the_producer	(none)
lean4/DSMSofiStorage.lean	DSMSofiStorage.unindexed_is_not_found	propext
lean4/DSMSofiStorage.lean	DSMSofiStorage.within_budget_exhausted_is_none	Classical.choice,Quot.sound,propext
lean4/DSMSofiStorage.lean	DSMSofiStorage.wrong_bytes_never_count	propext
lean4/DSMSofiSuccessorCells.lean	DSMSofiSuccessorCells.Coherent.outcome_unique	(none)
lean4/DSMSofiSuccessorCells.lean	DSMSofiSuccessorCells.Evolves.abort_stays	(none)
lean4/DSMSofiSuccessorCells.lean	DSMSofiSuccessorCells.Evolves.consumed_elsewhere_stays	(none)
lean4/DSMSofiSuccessorCells.lean	DSMSofiSuccessorCells.Evolves.final_stays	(none)
lean4/DSMSofiSuccessorCells.lean	DSMSofiSuccessorCells.Evolves.orphan_stays	(none)
lean4/DSMSofiSuccessorCells.lean	DSMSofiSuccessorCells.Evolves.position_lost_stays	(none)
lean4/DSMSofiSuccessorCells.lean	DSMSofiSuccessorCells.Evolves.route_fixed	(none)
lean4/DSMSofiSuccessorCells.lean	DSMSofiSuccessorCells.Evolves.trader_parent_stays	(none)
lean4/DSMSofiSuccessorCells.lean	DSMSofiSuccessorCells.Evolves.validation_refines	(none)
lean4/DSMSofiSuccessorCells.lean	DSMSofiSuccessorCells.Key.ext'	propext
lean4/DSMSofiSuccessorCells.lean	DSMSofiSuccessorCells.Reach.trans	(none)
lean4/DSMSofiSuccessorCells.lean	DSMSofiSuccessorCells.StorageOrdering.admit	(none)
lean4/DSMSofiSuccessorCells.lean	DSMSofiSuccessorCells.StorageOrdering.record_needs_cells	(none)
lean4/DSMSofiSuccessorCells.lean	DSMSofiSuccessorCells.a_later_value_at_the_leader_never_becomes_final	Quot.sound,propext
lean4/DSMSofiSuccessorCells.lean	DSMSofiSuccessorCells.a_lost_position_makes_a_final_cell_skippable	(none)
lean4/DSMSofiSuccessorCells.lean	DSMSofiSuccessorCells.a_rival_first_at_the_leader_settles_loss	Quot.sound,propext
lean4/DSMSofiSuccessorCells.lean	DSMSofiSuccessorCells.an_exercise_counts_at_one_key_per_vault	Quot.sound,propext
lean4/DSMSofiSuccessorCells.lean	DSMSofiSuccessorCells.attempt_live_is_load_bearing	propext
lean4/DSMSofiSuccessorCells.lean	DSMSofiSuccessorCells.checked_counters_never_wrap	Quot.sound,propext
lean4/DSMSofiSuccessorCells.lean	DSMSofiSuccessorCells.compatible_observe	propext
lean4/DSMSofiSuccessorCells.lean	DSMSofiSuccessorCells.compatible_reach	propext
lean4/DSMSofiSuccessorCells.lean	DSMSofiSuccessorCells.consumed_not_skipped	propext
lean4/DSMSofiSuccessorCells.lean	DSMSofiSuccessorCells.consumed_requires_attempt_live	(none)
lean4/DSMSofiSuccessorCells.lean	DSMSofiSuccessorCells.copies_mono	Quot.sound,propext
lean4/DSMSofiSuccessorCells.lean	DSMSofiSuccessorCells.copyAt_mono	Quot.sound,propext
lean4/DSMSofiSuccessorCells.lean	DSMSofiSuccessorCells.final_persists	Quot.sound,propext
lean4/DSMSofiSuccessorCells.lean	DSMSofiSuccessorCells.final_skippable_is_monotone	Quot.sound,propext
lean4/DSMSofiSuccessorCells.lean	DSMSofiSuccessorCells.final_unique_across_time	Quot.sound,propext
lean4/DSMSofiSuccessorCells.lean	DSMSofiSuccessorCells.first_stable	propext
lean4/DSMSofiSuccessorCells.lean	DSMSofiSuccessorCells.holdsVal_holds	Quot.sound,propext
lean4/DSMSofiSuccessorCells.lean	DSMSofiSuccessorCells.holdsVal_of_compatible	Quot.sound,propext
lean4/DSMSofiSuccessorCells.lean	DSMSofiSuccessorCells.holds_after_put_other	Quot.sound,propext
lean4/DSMSofiSuccessorCells.lean	DSMSofiSuccessorCells.holds_after_put_self	Quot.sound,propext
lean4/DSMSofiSuccessorCells.lean	DSMSofiSuccessorCells.index_skip_without_projection	(none)
lean4/DSMSofiSuccessorCells.lean	DSMSofiSuccessorCells.invalid_stays	(none)
lean4/DSMSofiSuccessorCells.lean	DSMSofiSuccessorCells.leaderFirst_of_compatible	propext
lean4/DSMSofiSuccessorCells.lean	DSMSofiSuccessorCells.leader_held_becomes_final	Quot.sound,propext
lean4/DSMSofiSuccessorCells.lean	DSMSofiSuccessorCells.leader_held_excludes_others	Quot.sound,propext
lean4/DSMSofiSuccessorCells.lean	DSMSofiSuccessorCells.leader_held_settles_the_race_before_finality	Quot.sound,propext
lean4/DSMSofiSuccessorCells.lean	DSMSofiSuccessorCells.mem_of_prefix	(none)
lean4/DSMSofiSuccessorCells.lean	DSMSofiSuccessorCells.objective_rejection_implies_skipped	propext
lean4/DSMSofiSuccessorCells.lean	DSMSofiSuccessorCells.one_copy_is_not_final	Quot.sound,propext
lean4/DSMSofiSuccessorCells.lean	DSMSofiSuccessorCells.only_an_exercise_naming_the_key_counts	Quot.sound,propext
lean4/DSMSofiSuccessorCells.lean	DSMSofiSuccessorCells.open_key_becomes_leader_held	Quot.sound,propext
lean4/DSMSofiSuccessorCells.lean	DSMSofiSuccessorCells.prefix_refl	propext
lean4/DSMSofiSuccessorCells.lean	DSMSofiSuccessorCells.prefix_trans	propext
lean4/DSMSofiSuccessorCells.lean	DSMSofiSuccessorCells.put_holds_what_it_was_given	propext
lean4/DSMSofiSuccessorCells.lean	DSMSofiSuccessorCells.put_keeps_prefix	propext
lean4/DSMSofiSuccessorCells.lean	DSMSofiSuccessorCells.reach_keeps_prefix	propext
lean4/DSMSofiSuccessorCells.lean	DSMSofiSuccessorCells.registration_needs_both_finals	Quot.sound,propext
lean4/DSMSofiSuccessorCells.lean	DSMSofiSuccessorCells.rejected_final_is_monotone	Quot.sound,propext
lean4/DSMSofiSuccessorCells.lean	DSMSofiSuccessorCells.resolve_names_leader_first	Quot.sound,propext
lean4/DSMSofiSuccessorCells.lean	DSMSofiSuccessorCells.resolve_of_leaderFirst	Quot.sound,propext
lean4/DSMSofiSuccessorCells.lean	DSMSofiSuccessorCells.root_final_on_another_claim_never_registers	Quot.sound,propext
lean4/DSMSofiSuccessorCells.lean	DSMSofiSuccessorCells.route_impossibility_is_permanent	propext
lean4/DSMSofiSuccessorCells.lean	DSMSofiSuccessorCells.route_impossibility_reads_no_fact_about_F	(none)
lean4/DSMSofiSuccessorCells.lean	DSMSofiSuccessorCells.route_impossible_final_leg_is_skippable	propext
lean4/DSMSofiSuccessorCells.lean	DSMSofiSuccessorCells.storage_forbids_numeric_holes	Quot.sound,propext
lean4/DSMSofiSuccessorCells.lean	DSMSofiSuccessorCells.storage_reachable_does_not_imply_canonical	(none)
lean4/DSMSofiSuccessorCells.lean	DSMSofiSuccessorCells.storage_reachable_generation_acyclic	Classical.choice,Quot.sound,propext
lean4/DSMSofiSuccessorCells.lean	DSMSofiSuccessorCells.storage_reachable_producer_identity_excludes_attempt	(none)
lean4/DSMSofiSuccessorCells.lean	DSMSofiSuccessorCells.storage_reachable_producer_unique	(none)
lean4/DSMSofiSuccessorCells.lean	DSMSofiSuccessorCells.the_leaders_first_value_held_by_two_others_is_final	Quot.sound,propext
lean4/DSMSofiSuccessorCells.lean	DSMSofiSuccessorCells.three_non_leaders_agreeing_is_not_final	Quot.sound,propext
lean4/DSMSofiSuccessorCells.lean	DSMSofiSuccessorCells.trader_parent_impossible_makes_a_final_route_skippable	propext
lean4/DSMSofiSuccessorCells.lean	DSMSofiSuccessorCells.unavailable_never_establishes_route_impossibility	propext
lean4/DSMSofiSuccessorCells.lean	DSMSofiSuccessorCells.unknown_is_not_a_copy	Quot.sound,propext
lean4/DSMSofiSuccessorCells.lean	DSMSofiSuccessorCells.unknown_never_counts	Quot.sound,propext
lean4/DSMSofiSuccessorCells.lean	DSMSofiSuccessorCells.validation_unavailable_never_implies_rejection	(none)
lean4/DSMSofiSuccessorCells.lean	DSMSofiSuccessorCells.walk_chunking_preserves_result	propext
lean4/DSMSofiSuccessorCells.lean	DSMSofiSuccessorCells.walk_consumes_at_most_once	propext
lean4/DSMSofiSuccessorCells.lean	DSMSofiSuccessorCells.withheld_leg_recovers_under_R7_17	Quot.sound,propext
lean4/DSMSofiSuccessorCells.lean	DSMSofiSuccessorCells.withheld_leg_wedges_if_gated_on_complete	(none)
lean4/DSMStepTransition.lean	DSMStepTransition.agree_spec	Quot.sound,propext
lean4/DSMStepTransition.lean	DSMStepTransition.down_mem	Quot.sound,propext
lean4/DSMStepTransition.lean	DSMStepTransition.fold_canonical	Classical.choice,Quot.sound,propext
lean4/DSMStepTransition.lean	DSMStepTransition.fold_complete	Classical.choice,Quot.sound,propext
lean4/DSMStepTransition.lean	DSMStepTransition.fold_sound	Classical.choice,Quot.sound,propext
lean4/DSMStepTransition.lean	DSMStepTransition.goes_cases	Classical.choice,Quot.sound,propext
lean4/DSMStepTransition.lean	DSMStepTransition.goes_key	propext
lean4/DSMStepTransition.lean	DSMStepTransition.honest_down	propext
lean4/DSMStepTransition.lean	DSMStepTransition.honest_head	propext
lean4/DSMStepTransition.lean	DSMStepTransition.lax_fold_is_not_canonical	propext
lean4/DSMStepTransition.lean	DSMStepTransition.lax_fold_sound	Classical.choice,Quot.sound,propext
lean4/DSMStepTransition.lean	DSMStepTransition.mem_side	Quot.sound,propext
lean4/DSMStepTransition.lean	DSMStepTransition.path_cons	propext
lean4/DSMStepTransition.lean	DSMStepTransition.path_down	propext
lean4/DSMStepTransition.lean	DSMStepTransition.pre_down	propext
lean4/DSMStepTransition.lean	DSMStepTransition.side_distinct	Quot.sound,propext
lean4/DSMStepTransition.lean	DSMStepTransition.side_empty_all	Quot.sound,propext
lean4/DSMStepTransition.lean	DSMStepTransition.side_lengths	Quot.sound,propext
lean4/DSMStepTransition.lean	DSMStepTransition.side_nonempty	Quot.sound,propext
lean4/DSMStepTransition.lean	DSMStepTransition.side_path_lengths	Quot.sound,propext
lean4/DSMStepTransition.lean	DSMStepTransition.upd_nil	Quot.sound,propext
lean4/DSMStepTransition.lean	DSMStepTransition.upd_off	propext
lean4/DSMStepTransition.lean	DSMStepTransition.upd_sub	Classical.choice,Quot.sound,propext
lean4/DSMTokenIssuance.lean	DSMTokenIssuance.create_affordable_applies_the_burn	propext
lean4/DSMTokenIssuance.lean	DSMTokenIssuance.create_fee_conserves_era_modulo_burn	Quot.sound,propext
lean4/DSMTokenIssuance.lean	DSMTokenIssuance.create_fee_debits_exactly	Quot.sound,propext
lean4/DSMTokenIssuance.lean	DSMTokenIssuance.create_insufficient_fee_is_noop	Quot.sound,propext
lean4/DSMTokenIssuance.lean	DSMTokenIssuance.create_issues_exactly_initial_supply	Quot.sound,propext
lean4/DSMTokenIssuance.lean	DSMTokenIssuance.create_touches_two_distinct_assets	Quot.sound,propext
lean4/DSMTokenIssuance.lean	DSMTokenIssuance.create_with_no_supply_is_refused	propext
lean4/DSMTokenIssuance.lean	DSMTokenIssuance.create_with_supply_burns_and_releases	propext
lean4/DSM_dBTC_Conservation.lean	bitcoinTick_confirm_preserves_conservation	Quot.sound,propext
lean4/DSM_dBTC_Conservation.lean	bitcoinTick_noop_preserves_conservation	(none)
lean4/DSM_dBTC_Conservation.lean	commit_bounded	Quot.sound,propext
lean4/DSM_dBTC_Conservation.lean	commit_preserves_conservation	Quot.sound,propext
lean4/DSM_dBTC_Conservation.lean	deposit_bounded	Quot.sound,propext
lean4/DSM_dBTC_Conservation.lean	expire_bounded	Quot.sound,propext
lean4/DSM_dBTC_Conservation.lean	expire_preserves_conservation	Quot.sound,propext
lean4/DSM_dBTC_Conservation.lean	fail_preserves_conservation	Quot.sound,propext
lean4/DSM_dBTC_Conservation.lean	fundVault_preserves_conservation	(none)
lean4/DSM_dBTC_Conservation.lean	init_safety	propext
lean4/DSM_dBTC_Conservation.lean	noOp_preserves_conservation	(none)
lean4/DSM_dBTC_Conservation.lean	refund_bounded	Quot.sound,propext
lean4/DSM_dBTC_Conservation.lean	safety_preserved_if_supply_nonincreasing	Quot.sound,propext
lean4/DSM_dBTC_Conservation.lean	selectVault_preserves_conservation	(none)
lean4/DSM_dBTC_Conservation.lean	settleFractional_bounded	Quot.sound,propext
lean4/DSM_dBTC_Conservation.lean	settleFractional_preserves_conservation	Quot.sound,propext
lean4/DSM_dBTC_Conservation.lean	settle_bounded	Quot.sound,propext
lean4/DSM_dBTC_Conservation.lean	settle_preserves_conservation	Quot.sound,propext
lean4/DSM_dBTC_Conservation.lean	settled_monotone_noop	(none)
lean4/DSM_dBTC_Conservation.lean	settled_monotone_settle	(none)
lean4/DSM_dBTC_Conservation.lean	transfer_preserves_conservation	(none)
lean4/DSM_dBTC_Conservation.lean	transfer_sum_invariant	Quot.sound,propext
lean4/DSM_dBTC_Conservation.lean	transfer_zero_sum_general	Quot.sound,propext
lean4/DSM_dBTC_TrustReduction.lean	applyFinalBurn_preserves_conservation	Quot.sound,propext
lean4/DSM_dBTC_TrustReduction.lean	applyFinalBurn_sets_finalized	propext
lean4/DSM_dBTC_TrustReduction.lean	finalBurn_requires_mainnet_finality	(none)
lean4/DSM_dBTC_TrustReduction.lean	finalBurn_requires_mainnet_network	(none)
lean4/DSM_dBTC_TrustReduction.lean	finalized_state_carries_mainnet_assumption	propext
lean4/DSM_dBTC_TrustReduction.lean	non_mainnet_cannot_authorize_final_burn	(none)
lean4/DSM_dBTC_TrustReduction.lean	rustVerifierAccepted_implies_mainnet_finality	(none)
lean4/DSM_dBTC_TrustReduction.lean	weakened_evidence_counterexample	propext
lean4/DSM_dBTC_TrustReduction.lean	weakened_evidence_does_not_reduce_to_mainnet	propext
lean4/Sphincs/AddressInjective.lean	DSM.Sphincs.adrs_bytes_injective	Quot.sound,propext
lean4/Sphincs/AddressInjective.lean	DSM.Sphincs.be_injective	Quot.sound,propext
lean4/Sphincs/AddressInjective.lean	DSM.Sphincs.distinct_addresses_distinct_requests	Quot.sound,propext
lean4/Sphincs/AddressRange.lean	DSM.Sphincs.authRoot_good	Classical.choice,Quot.sound,propext
lean4/Sphincs/AddressRange.lean	DSM.Sphincs.authWalk_good	Classical.choice,Quot.sound,propext
lean4/Sphincs/AddressRange.lean	DSM.Sphincs.canon_kind0	propext
lean4/Sphincs/AddressRange.lean	DSM.Sphincs.canon_kind1	propext
lean4/Sphincs/AddressRange.lean	DSM.Sphincs.canon_kind2	propext
lean4/Sphincs/AddressRange.lean	DSM.Sphincs.canon_kind3_leaf	propext
lean4/Sphincs/AddressRange.lean	DSM.Sphincs.canon_kind3_node	propext
lean4/Sphincs/AddressRange.lean	DSM.Sphincs.canon_kind4	propext
lean4/Sphincs/AddressRange.lean	DSM.Sphincs.chain_good	Quot.sound,propext
lean4/Sphincs/AddressRange.lean	DSM.Sphincs.chain_good0	Quot.sound,propext
lean4/Sphincs/AddressRange.lean	DSM.Sphincs.chain_hash_irrel	Quot.sound,propext
lean4/Sphincs/AddressRange.lean	DSM.Sphincs.chain_step	Quot.sound,propext
lean4/Sphincs/AddressRange.lean	DSM.Sphincs.forsNode_base	Quot.sound,propext
lean4/Sphincs/AddressRange.lean	DSM.Sphincs.forsNode_good	Quot.sound,propext
lean4/Sphincs/AddressRange.lean	DSM.Sphincs.forsPkFromSig_good	Classical.choice,Quot.sound,propext
lean4/Sphincs/AddressRange.lean	DSM.Sphincs.forsSecret_good	Quot.sound,propext
lean4/Sphincs/AddressRange.lean	DSM.Sphincs.forsSign_good	Classical.choice,Quot.sound,propext
lean4/Sphincs/AddressRange.lean	DSM.Sphincs.fors_part_drop	propext
lean4/Sphincs/AddressRange.lean	DSM.Sphincs.fors_part_take	propext
lean4/Sphincs/AddressRange.lean	DSM.Sphincs.fors_sign_part	Quot.sound,propext
lean4/Sphincs/AddressRange.lean	DSM.Sphincs.fors_sign_roots	Classical.choice,Quot.sound,propext
lean4/Sphincs/AddressRange.lean	DSM.Sphincs.htRootTail_good	Classical.choice,Quot.sound,propext
lean4/Sphincs/AddressRange.lean	DSM.Sphincs.htRoot_good	Classical.choice,Quot.sound,propext
lean4/Sphincs/AddressRange.lean	DSM.Sphincs.htSignTail_good	Classical.choice,Quot.sound,propext
lean4/Sphincs/AddressRange.lean	DSM.Sphincs.htSign_good	Classical.choice,Quot.sound,propext
lean4/Sphincs/AddressRange.lean	DSM.Sphincs.ht_sign_tail_one	propext
lean4/Sphincs/AddressRange.lean	DSM.Sphincs.keygen_allReq	Quot.sound,propext
lean4/Sphincs/AddressRange.lean	DSM.Sphincs.keygen_good	Quot.sound,propext
lean4/Sphincs/AddressRange.lean	DSM.Sphincs.keygen_requests_in_range	Quot.sound,propext
lean4/Sphincs/AddressRange.lean	DSM.Sphincs.next_tree_le	propext
lean4/Sphincs/AddressRange.lean	DSM.Sphincs.offset_lt	Quot.sound,propext
lean4/Sphincs/AddressRange.lean	DSM.Sphincs.pow_sub_succ	Quot.sound,propext
lean4/Sphincs/AddressRange.lean	DSM.Sphincs.prf_good	Quot.sound,propext
lean4/Sphincs/AddressRange.lean	DSM.Sphincs.sibling_bound	Classical.choice,Quot.sound,propext
lean4/Sphincs/AddressRange.lean	DSM.Sphincs.sign_allReq	Classical.choice,Quot.sound,propext
lean4/Sphincs/AddressRange.lean	DSM.Sphincs.sign_good	Classical.choice,Quot.sound,propext
lean4/Sphincs/AddressRange.lean	DSM.Sphincs.sign_requests_in_range	Classical.choice,Quot.sound,propext
lean4/Sphincs/AddressRange.lean	DSM.Sphincs.thash_good	Quot.sound,propext
lean4/Sphincs/AddressRange.lean	DSM.Sphincs.variant_bounds	(none)
lean4/Sphincs/AddressRange.lean	DSM.Sphincs.walk_input	Classical.choice,Quot.sound,propext
lean4/Sphincs/AddressRange.lean	DSM.Sphincs.wotsCompress_good	Quot.sound,propext
lean4/Sphincs/AddressRange.lean	DSM.Sphincs.wotsPkFromSig_good	Quot.sound,propext
lean4/Sphincs/AddressRange.lean	DSM.Sphincs.wotsPkgen_good	Quot.sound,propext
lean4/Sphincs/AddressRange.lean	DSM.Sphincs.wotsSign_good	Quot.sound,propext
lean4/Sphincs/AddressRange.lean	DSM.Sphincs.wots_sign_slice	Quot.sound,propext
lean4/Sphincs/AddressRange.lean	DSM.Sphincs.wots_sign_tops	Quot.sound,propext
lean4/Sphincs/AddressRange.lean	DSM.Sphincs.xmssNode_base	Quot.sound,propext
lean4/Sphincs/AddressRange.lean	DSM.Sphincs.xmssNode_good	Quot.sound,propext
lean4/Sphincs/AddressRange.lean	DSM.Sphincs.xmssPkFromSig_good	Classical.choice,Quot.sound,propext
lean4/Sphincs/AddressRange.lean	DSM.Sphincs.xmssSign_good	Classical.choice,Quot.sound,propext
lean4/Sphincs/AddressRange.lean	DSM.Sphincs.xmss_sig_drop	Quot.sound,propext
lean4/Sphincs/AddressRange.lean	DSM.Sphincs.xmss_sig_take	Quot.sound,propext
lean4/Sphincs/AddressRange.lean	DSM.Sphincs.zipIdx_mem	Quot.sound,propext
lean4/Sphincs/Blake3.lean	DSM.Sphincs.Blake3.contexts_distinct	(none)
lean4/Sphincs/Blake3.lean	DSM.Sphincs.Blake3.deployed_hmsg_widths	(none)
lean4/Sphincs/Blake3.lean	DSM.Sphincs.Blake3.deployed_keyed_width	(none)
lean4/Sphincs/Blake3.lean	DSM.Sphincs.Blake3.derive_request	Classical.choice,Quot.sound,propext
lean4/Sphincs/Blake3.lean	DSM.Sphincs.Blake3.derive_xof_same_32	Classical.choice,Quot.sound,propext
lean4/Sphincs/Blake3.lean	DSM.Sphincs.Blake3.hmsg_request	Classical.choice,Quot.sound,propext
lean4/Sphincs/Blake3.lean	DSM.Sphincs.Blake3.keyed_request	Classical.choice,Quot.sound,propext
lean4/Sphincs/Blake3.lean	DSM.Sphincs.Blake3.mode_bits_distinct	propext
lean4/Sphincs/Blake3.lean	DSM.Sphincs.Blake3.prf_request	Classical.choice,Quot.sound,propext
lean4/Sphincs/Blake3.lean	DSM.Sphincs.Blake3.thash_request	Classical.choice,Quot.sound,propext
lean4/Sphincs/Blake3Proofs.lean	DSM.Sphincs.Blake3.bytes_length	Quot.sound,propext
lean4/Sphincs/Blake3Proofs.lean	DSM.Sphincs.Blake3.compress_size	Quot.sound,propext
lean4/Sphincs/Blake3Proofs.lean	DSM.Sphincs.Blake3.derive_length	Quot.sound,propext
lean4/Sphincs/Blake3Proofs.lean	DSM.Sphincs.Blake3.evaluate_width	Quot.sound,propext
lean4/Sphincs/Blake3Proofs.lean	DSM.Sphincs.Blake3.hash_length	Quot.sound,propext
lean4/Sphincs/Blake3Proofs.lean	DSM.Sphincs.Blake3.keyed_length	Quot.sound,propext
lean4/Sphincs/Blake3Proofs.lean	DSM.Sphincs.Blake3.rootBlock_length	Quot.sound,propext
lean4/Sphincs/Blake3Proofs.lean	DSM.Sphincs.Blake3.rootBlocks_length	Quot.sound,propext
lean4/Sphincs/Blake3Proofs.lean	DSM.Sphincs.Blake3.root_length	Quot.sound,propext
lean4/Sphincs/Blake3Proofs.lean	DSM.Sphincs.Blake3.root_prefix	Quot.sound,propext
lean4/Sphincs/EufCmaReduction.lean	DSM.Sphincs.Security.adv_pos	(none)
lean4/Sphincs/EufCmaReduction.lean	DSM.Sphincs.Security.cdec_true	Classical.choice,Quot.sound,propext
lean4/Sphincs/EufCmaReduction.lean	DSM.Sphincs.Security.euf_cma_reduction	Classical.choice,Quot.sound,propext
lean4/Sphincs/EufCmaReduction.lean	DSM.Sphincs.Security.eventMass_mono_on	Quot.sound,propext
lean4/Sphincs/EufCmaReduction.lean	DSM.Sphincs.Security.expanded_public_key	propext
lean4/Sphincs/EufCmaReduction.lean	DSM.Sphincs.Security.fadd_mono	Quot.sound,propext
lean4/Sphincs/EufCmaReduction.lean	DSM.Sphincs.Security.fadd_pos	(none)
lean4/Sphincs/EufCmaReduction.lean	DSM.Sphincs.Security.final_event_bound	Classical.choice,Quot.sound,propext
lean4/Sphincs/EufCmaReduction.lean	DSM.Sphincs.Security.final_exp_width	Quot.sound,propext
lean4/Sphincs/EufCmaReduction.lean	DSM.Sphincs.Security.final_forge_events	Classical.choice,Quot.sound,propext
lean4/Sphincs/EufCmaReduction.lean	DSM.Sphincs.Security.final_probability	Quot.sound,propext
lean4/Sphincs/EufCmaReduction.lean	DSM.Sphincs.Security.final_space_prf	propext
lean4/Sphincs/EufCmaReduction.lean	DSM.Sphincs.Security.final_widths	propext
lean4/Sphincs/EufCmaReduction.lean	DSM.Sphincs.Security.fle_trans	Quot.sound,propext
lean4/Sphincs/EufCmaReduction.lean	DSM.Sphincs.Security.hop_frac	Quot.sound,propext
lean4/Sphincs/EufCmaReduction.lean	DSM.Sphincs.Security.randomFunction_width	propext
lean4/Sphincs/Extraction.lean	DSM.Sphincs.ThashCollisionAt.collision	propext
lean4/Sphincs/Extraction.lean	DSM.Sphincs.auth_root_extract_general	Classical.choice,Quot.sound,propext
lean4/Sphincs/Extraction.lean	DSM.Sphincs.auth_walk_collision	Classical.choice,Quot.sound,propext
lean4/Sphincs/Extraction.lean	DSM.Sphincs.auth_walk_extract	Classical.choice,Quot.sound,propext
lean4/Sphincs/Extraction.lean	DSM.Sphincs.auth_walk_extract_general	Classical.choice,Quot.sound,propext
lean4/Sphincs/Extraction.lean	DSM.Sphincs.auth_walk_succ	propext
lean4/Sphincs/Extraction.lean	DSM.Sphincs.chain_extract	Classical.choice,Quot.sound,propext
lean4/Sphincs/Extraction.lean	DSM.Sphincs.chain_extract_or	Classical.choice,Quot.sound,propext
lean4/Sphincs/Extraction.lean	DSM.Sphincs.half_pow	propext
lean4/Sphincs/Extraction.lean	DSM.Sphincs.visited_inRange	Quot.sound,propext
lean4/Sphincs/ExtractionLog.lean	DSM.Sphincs.Exact.bind_id	propext
lean4/Sphincs/ExtractionLog.lean	DSM.Sphincs.Exact.congr_log	(none)
lean4/Sphincs/ExtractionLog.lean	DSM.Sphincs.Exact.forIn'	Quot.sound,propext
lean4/Sphincs/ExtractionLog.lean	DSM.Sphincs.Exact.oracle	(none)
lean4/Sphincs/ExtractionLog.lean	DSM.Sphincs.Exact.pure'	propext
lean4/Sphincs/ExtractionLog.lean	DSM.Sphincs.Exact.run_empty	(none)
lean4/Sphincs/ExtractionLog.lean	DSM.Sphincs.authWalk_exact	propext
lean4/Sphincs/ExtractionLog.lean	DSM.Sphincs.chain_exact	propext
lean4/Sphincs/ExtractionLog.lean	DSM.Sphincs.forsPkFromSig_exact	Quot.sound,propext
lean4/Sphincs/ExtractionLog.lean	DSM.Sphincs.htRootTail_exact	Quot.sound,propext
lean4/Sphincs/ExtractionLog.lean	DSM.Sphincs.htRoot_exact	Quot.sound,propext
lean4/Sphincs/ExtractionLog.lean	DSM.Sphincs.verify_exact	Quot.sound,propext
lean4/Sphincs/ExtractionLog.lean	DSM.Sphincs.wotsPkFromSig_exact	Quot.sound,propext
lean4/Sphincs/ExtractionLog.lean	DSM.Sphincs.xmssPkFromSig_exact	Quot.sound,propext
lean4/Sphincs/ExtractionRange.lean	DSM.Sphincs.forsBreak_collision	Quot.sound,propext
lean4/Sphincs/ExtractionRange.lean	DSM.Sphincs.htBreak_collision	Quot.sound,propext
lean4/Sphincs/ExtractionRange.lean	DSM.Sphincs.xmssBreak_collision	Quot.sound,propext
lean4/Sphincs/ForgeryExtract.lean	DSM.Sphincs.forgery_extract	Classical.choice,Quot.sound,propext
lean4/Sphincs/ForgeryExtract.lean	DSM.Sphincs.forsPkFromSig_width	Quot.sound,propext
lean4/Sphincs/ForgeryExtract.lean	DSM.Sphincs.honest_signature_reveals	Quot.sound,propext
lean4/Sphincs/ForgeryExtract.lean	DSM.Sphincs.slice_slice	Quot.sound,propext
lean4/Sphincs/ForgeryExtractExp.lean	DSM.Sphincs.Security.forgery_extract_exp	Classical.choice,Quot.sound,propext
lean4/Sphincs/ForsExtraction.lean	DSM.Sphincs.fors_forgery_extract	Classical.choice,Quot.sound,propext
lean4/Sphincs/ForsExtraction.lean	DSM.Sphincs.fors_tree_extract	Classical.choice,Quot.sound,propext
lean4/Sphincs/ForsExtraction.lean	DSM.Sphincs.getD_mem_zipIdx	Quot.sound,propext
lean4/Sphincs/ForsExtraction.lean	DSM.Sphincs.slice_take_prefix	propext
lean4/Sphincs/HtExtraction.lean	DSM.Sphincs.authWalk_width	propext
lean4/Sphincs/HtExtraction.lean	DSM.Sphincs.honest_fors_pk	Classical.choice,Quot.sound,propext
lean4/Sphincs/HtExtraction.lean	DSM.Sphincs.honest_tail_message	Classical.choice,Quot.sound,propext
lean4/Sphincs/HtExtraction.lean	DSM.Sphincs.htMsg_width	propext
lean4/Sphincs/HtExtraction.lean	DSM.Sphincs.ht_forgery_extract	Classical.choice,Quot.sound,propext
lean4/Sphincs/HtExtraction.lean	DSM.Sphincs.ht_root_as_tail	Quot.sound,propext
lean4/Sphincs/HtExtraction.lean	DSM.Sphincs.ht_root_tail_succ	propext
lean4/Sphincs/HtExtraction.lean	DSM.Sphincs.ht_tail_extract	Classical.choice,Quot.sound,propext
lean4/Sphincs/HtExtraction.lean	DSM.Sphincs.layer_part_width	Quot.sound,propext
lean4/Sphincs/HtExtraction.lean	DSM.Sphincs.xmssPkFromSig_width	Quot.sound,propext
lean4/Sphincs/LogExtraction.lean	DSM.Sphincs.CanonCollIn.mono	propext
lean4/Sphincs/LogExtraction.lean	DSM.Sphincs.authWalk_w	propext
lean4/Sphincs/LogExtraction.lean	DSM.Sphincs.auth_walk_extract_log	Classical.choice,Quot.sound,propext
lean4/Sphincs/LogExtraction.lean	DSM.Sphincs.chain_extract_log	Classical.choice,Quot.sound,propext
lean4/Sphincs/LogExtraction.lean	DSM.Sphincs.chain_w	propext
lean4/Sphincs/LogExtraction.lean	DSM.Sphincs.forsNode_w	propext
lean4/Sphincs/LogExtraction.lean	DSM.Sphincs.fors_extract_log	Classical.choice,Quot.sound,propext
lean4/Sphincs/LogExtraction.lean	DSM.Sphincs.htMsg_w	Quot.sound,propext
lean4/Sphincs/LogExtraction.lean	DSM.Sphincs.ht_extract_log	Classical.choice,Quot.sound,propext
lean4/Sphincs/LogExtraction.lean	DSM.Sphincs.ht_root_log_as_tail	propext
lean4/Sphincs/LogExtraction.lean	DSM.Sphincs.ht_tail_extract_log	Classical.choice,Quot.sound,propext
lean4/Sphincs/LogExtraction.lean	DSM.Sphincs.nextLayer_split	propext
lean4/Sphincs/LogExtraction.lean	DSM.Sphincs.prf_w	propext
lean4/Sphincs/LogExtraction.lean	DSM.Sphincs.thash_w	propext
lean4/Sphincs/LogExtraction.lean	DSM.Sphincs.tree_inRange	Quot.sound,propext
lean4/Sphincs/LogExtraction.lean	DSM.Sphincs.wotsPkFromSig_w	Quot.sound,propext
lean4/Sphincs/LogExtraction.lean	DSM.Sphincs.wots_extract_log	Classical.choice,Quot.sound,propext
lean4/Sphincs/LogExtraction.lean	DSM.Sphincs.xmssNode_w	Quot.sound,propext
lean4/Sphincs/LogExtraction.lean	DSM.Sphincs.xmssPkFromSig_width'	Quot.sound,propext
lean4/Sphincs/LogExtraction.lean	DSM.Sphincs.xmss_extract_log	Classical.choice,Quot.sound,propext
lean4/Sphincs/MsgPrfHybrid.lean	DSM.Sphincs.Security.mark_ne_mark2	propext
lean4/Sphincs/MsgPrfHybrid.lean	DSM.Sphincs.Security.msg_function_distinguisher_exact	Quot.sound,propext
lean4/Sphincs/MsgPrfHybrid.lean	DSM.Sphincs.Security.msg_function_hybrid_bound	Quot.sound,propext
lean4/Sphincs/MsgPrfHybrid.lean	DSM.Sphincs.Security.msg_function_real_equivalence	Quot.sound,propext
lean4/Sphincs/MsgPrfHybrid.lean	DSM.Sphincs.Security.msg_key_distinguisher_exact	Quot.sound,propext
lean4/Sphincs/MsgPrfHybrid.lean	DSM.Sphincs.Security.msg_key_hybrid_bound	Quot.sound,propext
lean4/Sphincs/MsgPrfHybrid.lean	DSM.Sphincs.Security.msg_key_real_equivalence	Quot.sound,propext
lean4/Sphincs/MsgPrfHybrid.lean	DSM.Sphincs.Security.msgpatch_agree	propext
lean4/Sphincs/MsgPrfHybrid.lean	DSM.Sphincs.Security.msgpatch_keyed	propext
lean4/Sphincs/MsgPrfHybrid.lean	DSM.Sphincs.Security.msgpatch_msg	propext
lean4/Sphincs/MsgPrfHybrid.lean	DSM.Sphincs.Security.msgpatch_other	propext
lean4/Sphincs/MsgPrfHybrid.lean	DSM.Sphincs.Security.not_mark2_of_width	propext
lean4/Sphincs/MsgPrfHybrid.lean	DSM.Sphincs.Security.rm_keyed	propext
lean4/Sphincs/MsgPrfHybrid.lean	DSM.Sphincs.Security.rm_mark	propext
lean4/Sphincs/MsgPrfHybrid.lean	DSM.Sphincs.Security.rm_unkeyed	propext
lean4/Sphincs/MsgPrfHybrid.lean	DSM.Sphincs.Security.shared_seed_layout	Quot.sound,propext
lean4/Sphincs/MsgPrfHybrid.lean	DSM.Sphincs.Security.sign_congr_msg	Quot.sound,propext
lean4/Sphincs/MultiKey.lean	DSM.Sphincs.Security.eventMass_map	propext
lean4/Sphincs/MultiKey.lean	DSM.Sphincs.Security.eventMass_mono_ofFn	Quot.sound,propext
lean4/Sphincs/MultiKey.lean	DSM.Sphincs.Security.mexperiment_keys	propext
lean4/Sphincs/MultiKey.lean	DSM.Sphincs.Security.mkey_of_seeds	propext
lean4/Sphincs/MultiKey.lean	DSM.Sphincs.Security.mrun_preserves_keys	propext
lean4/Sphincs/MultiKey.lean	DSM.Sphincs.Security.multi_forge_events	Classical.choice,Quot.sound,propext
lean4/Sphincs/MultiKey.lean	DSM.Sphincs.Security.multi_forgery_extract	Classical.choice,Quot.sound,propext
lean4/Sphincs/MultiKey.lean	DSM.Sphincs.Security.multi_key_reduction	Classical.choice,Quot.sound,propext
lean4/Sphincs/MultiKey.lean	DSM.Sphincs.Security.multi_key_reduction_seeds	Classical.choice,Quot.sound,propext
lean4/Sphincs/MultiKey.lean	DSM.Sphincs.Security.ofFn_comp_map	Quot.sound,propext
lean4/Sphincs/MultiKey.lean	DSM.Sphincs.Security.probability_map	Quot.sound,propext
lean4/Sphincs/MultiKey.lean	DSM.Sphincs.Security.seed_expansions_width	Quot.sound,propext
lean4/Sphincs/OracleAgree.lean	DSM.Sphincs.KeyedAgree.at	(none)
lean4/Sphincs/OracleAgree.lean	DSM.Sphincs.KeyedAgree.other	(none)
lean4/Sphincs/OracleAgree.lean	DSM.Sphincs.KeyedAgree.renamed	(none)
lean4/Sphincs/OracleAgree.lean	DSM.Sphincs.KeyedAgreeAt.renamed	(none)
lean4/Sphincs/OracleAgree.lean	DSM.Sphincs.KeyedAgreeAt.thash	(none)
lean4/Sphincs/OracleAgree.lean	DSM.Sphincs.authRoot_agree	Quot.sound,propext
lean4/Sphincs/OracleAgree.lean	DSM.Sphincs.authWalk_agree	Quot.sound,propext
lean4/Sphincs/OracleAgree.lean	DSM.Sphincs.chain_agree	Quot.sound,propext
lean4/Sphincs/OracleAgree.lean	DSM.Sphincs.forsNode_agree	Quot.sound,propext
lean4/Sphincs/OracleAgree.lean	DSM.Sphincs.forsPkFromSig_agree	Quot.sound,propext
lean4/Sphincs/OracleAgree.lean	DSM.Sphincs.forsSecret_agree	propext
lean4/Sphincs/OracleAgree.lean	DSM.Sphincs.forsSign_agree	Quot.sound,propext
lean4/Sphincs/OracleAgree.lean	DSM.Sphincs.htRootTail_agree	Quot.sound,propext
lean4/Sphincs/OracleAgree.lean	DSM.Sphincs.htRoot_agree	Quot.sound,propext
lean4/Sphincs/OracleAgree.lean	DSM.Sphincs.htSignTail_agree	Quot.sound,propext
lean4/Sphincs/OracleAgree.lean	DSM.Sphincs.htSign_agree	Quot.sound,propext
lean4/Sphincs/OracleAgree.lean	DSM.Sphincs.prf_agree	propext
lean4/Sphincs/OracleAgree.lean	DSM.Sphincs.thash_agree	propext
lean4/Sphincs/OracleAgree.lean	DSM.Sphincs.wotsCompress_agree	propext
lean4/Sphincs/OracleAgree.lean	DSM.Sphincs.wotsPkFromSig_agree	Quot.sound,propext
lean4/Sphincs/OracleAgree.lean	DSM.Sphincs.wotsPkgen_agree	Quot.sound,propext
lean4/Sphincs/OracleAgree.lean	DSM.Sphincs.wotsSign_agree	Quot.sound,propext
lean4/Sphincs/OracleAgree.lean	DSM.Sphincs.xmssNode_agree	Quot.sound,propext
lean4/Sphincs/OracleAgree.lean	DSM.Sphincs.xmssPkFromSig_agree	Quot.sound,propext
lean4/Sphincs/OracleAgree.lean	DSM.Sphincs.xmssSign_agree	Quot.sound,propext
lean4/Sphincs/PrfHybrid.lean	DSM.Sphincs.Security.drop_after	Quot.sound,propext
lean4/Sphincs/PrfHybrid.lean	DSM.Sphincs.Security.function_distinguisher_exact	Quot.sound,propext
lean4/Sphincs/PrfHybrid.lean	DSM.Sphincs.Security.id_bind	(none)
lean4/Sphincs/PrfHybrid.lean	DSM.Sphincs.Security.id_pure	(none)
lean4/Sphincs/PrfHybrid.lean	DSM.Sphincs.Security.key_distinguisher_exact	Quot.sound,propext
lean4/Sphincs/PrfHybrid.lean	DSM.Sphincs.Security.kp_shape	Quot.sound,propext
lean4/Sphincs/PrfHybrid.lean	DSM.Sphincs.Security.not_mark_of_width	propext
lean4/Sphincs/PrfHybrid.lean	DSM.Sphincs.Security.patch_agree	propext
lean4/Sphincs/PrfHybrid.lean	DSM.Sphincs.Security.patch_keyed	propext
lean4/Sphincs/PrfHybrid.lean	DSM.Sphincs.Security.patch_other	propext
lean4/Sphincs/PrfHybrid.lean	DSM.Sphincs.Security.patch_prf	propext
lean4/Sphincs/PrfHybrid.lean	DSM.Sphincs.Security.prf_function_hybrid_bound	Quot.sound,propext
lean4/Sphincs/PrfHybrid.lean	DSM.Sphincs.Security.prf_function_real_equivalence	Quot.sound,propext
lean4/Sphincs/PrfHybrid.lean	DSM.Sphincs.Security.prf_key_hybrid_bound	Quot.sound,propext
lean4/Sphincs/PrfHybrid.lean	DSM.Sphincs.Security.prf_key_real_equivalence	Quot.sound,propext
lean4/Sphincs/PrfHybrid.lean	DSM.Sphincs.Security.probability_congr	Quot.sound,propext
lean4/Sphincs/PrfHybrid.lean	DSM.Sphincs.Security.route_keyed	propext
lean4/Sphincs/PrfHybrid.lean	DSM.Sphincs.Security.route_mark	propext
lean4/Sphincs/PrfHybrid.lean	DSM.Sphincs.Security.route_unkeyed	propext
lean4/Sphincs/PrfHybrid.lean	DSM.Sphincs.Security.seedDistinguisher_congr	Quot.sound,propext
lean4/Sphincs/PrfHybrid.lean	DSM.Sphincs.Security.sign_congr	Quot.sound,propext
lean4/Sphincs/PrfHybrid.lean	DSM.Sphincs.Security.verify_congr	Quot.sound,propext
lean4/Sphincs/PrfHybrid.lean	DSM.Sphincs.Security.zeroed_layout	Quot.sound,propext
lean4/Sphincs/Proofs.lean	DSM.Sphincs.accepted_requires_exact_lengths	Quot.sound,propext
lean4/Sphincs/Proofs.lean	DSM.Sphincs.address_width	propext
lean4/Sphincs/Proofs.lean	DSM.Sphincs.auth_walk_recovers_tree	Classical.choice,Quot.sound,propext
lean4/Sphincs/Proofs.lean	DSM.Sphincs.base2b_digit_bound	Quot.sound,propext
lean4/Sphincs/Proofs.lean	DSM.Sphincs.be_roundtrip	Quot.sound,propext
lean4/Sphincs/Proofs.lean	DSM.Sphincs.be_width	propext
lean4/Sphincs/Proofs.lean	DSM.Sphincs.bit_fold_bound	Quot.sound,propext
lean4/Sphincs/Proofs.lean	DSM.Sphincs.canonical_unique	(none)
lean4/Sphincs/Proofs.lean	DSM.Sphincs.cert_preimage_binding	Quot.sound,propext
lean4/Sphincs/Proofs.lean	DSM.Sphincs.chain_composes	Quot.sound,propext
lean4/Sphincs/Proofs.lean	DSM.Sphincs.chain_width	propext
lean4/Sphincs/Proofs.lean	DSM.Sphincs.changed_cert_fields_same_digest_is_collision	Quot.sound,propext
lean4/Sphincs/Proofs.lean	DSM.Sphincs.checksum_width_three	(none)
lean4/Sphincs/Proofs.lean	DSM.Sphincs.devid_preimage_binding	Quot.sound,propext
lean4/Sphincs/Proofs.lean	DSM.Sphincs.digest_leaf_bounded	propext
lean4/Sphincs/Proofs.lean	DSM.Sphincs.digest_tree_bounded	propext
lean4/Sphincs/Proofs.lean	DSM.Sphincs.domain_binding_or_collision	Quot.sound,propext
lean4/Sphincs/Proofs.lean	DSM.Sphincs.ek_seed_preimage_binding	Quot.sound,propext
lean4/Sphincs/Proofs.lean	DSM.Sphincs.encode_parse	(none)
lean4/Sphincs/Proofs.lean	DSM.Sphincs.fixed_block_slice	propext
lean4/Sphincs/Proofs.lean	DSM.Sphincs.fixed_head_binding	propext
lean4/Sphincs/Proofs.lean	DSM.Sphincs.fixed_pair_binding	propext
lean4/Sphincs/Proofs.lean	DSM.Sphincs.fors_authentication_path_recovers_tree	Classical.choice,Quot.sound,propext
lean4/Sphincs/Proofs.lean	DSM.Sphincs.fors_node_parent	propext
lean4/Sphincs/Proofs.lean	DSM.Sphincs.fors_node_width	propext
lean4/Sphincs/Proofs.lean	DSM.Sphincs.fors_orientation	Quot.sound,propext
lean4/Sphincs/Proofs.lean	DSM.Sphincs.fors_signer_tree_path	Classical.choice,Quot.sound,propext
lean4/Sphincs/Proofs.lean	DSM.Sphincs.identity_preimage_binding	Quot.sound,propext
lean4/Sphincs/Proofs.lean	DSM.Sphincs.next_layer_leaf_bounded	propext
lean4/Sphincs/Proofs.lean	DSM.Sphincs.next_layer_reconstructs	propext
lean4/Sphincs/Proofs.lean	DSM.Sphincs.parameter_layout	(none)
lean4/Sphincs/Proofs.lean	DSM.Sphincs.parse_encode	propext
lean4/Sphincs/Proofs.lean	DSM.Sphincs.prf_width	propext
lean4/Sphincs/Proofs.lean	DSM.Sphincs.signature_sizes	(none)
lean4/Sphincs/Proofs.lean	DSM.Sphincs.signature_split_rejoins	propext
lean4/Sphincs/Proofs.lean	DSM.Sphincs.thash_width	propext
lean4/Sphincs/Proofs.lean	DSM.Sphincs.type_clears	propext
lean4/Sphincs/Proofs.lean	DSM.Sphincs.type_preserves_tree	propext
lean4/Sphincs/Proofs.lean	DSM.Sphincs.verification_structure	Quot.sound,propext
lean4/Sphincs/Proofs.lean	DSM.Sphincs.verify_bad_pk	Quot.sound,propext
lean4/Sphincs/Proofs.lean	DSM.Sphincs.verify_bad_signature	Quot.sound,propext
lean4/Sphincs/Proofs.lean	DSM.Sphincs.verify_bad_signature_no_hash_calls	Quot.sound,propext
lean4/Sphincs/Proofs.lean	DSM.Sphincs.verify_empty	propext
lean4/Sphincs/Proofs.lean	DSM.Sphincs.wots_digit_bound	Quot.sound,propext
lean4/Sphincs/Proofs.lean	DSM.Sphincs.wots_digit_count	propext
lean4/Sphincs/Proofs.lean	DSM.Sphincs.wots_generated_digit_recovers	Quot.sound,propext
lean4/Sphincs/Proofs.lean	DSM.Sphincs.wots_pkgen_width	propext
lean4/Sphincs/Proofs.lean	DSM.Sphincs.wots_signature_recovers_chain_top	Quot.sound,propext
lean4/Sphincs/Proofs.lean	DSM.Sphincs.wrong_length_rejected	propext
lean4/Sphincs/Proofs.lean	DSM.Sphincs.xmss_authentication_path_recovers_tree	Classical.choice,Quot.sound,propext
lean4/Sphincs/Proofs.lean	DSM.Sphincs.xmss_node_parent	propext
lean4/Sphincs/Proofs.lean	DSM.Sphincs.xmss_node_width	propext
lean4/Sphincs/Proofs.lean	DSM.Sphincs.xmss_signer_tree_path	Classical.choice,Quot.sound,propext
lean4/Sphincs/Proofs.lean	DSM.Sphincs.xor_one_is_sibling	Classical.choice,Quot.sound,propext
lean4/Sphincs/RequestLog.lean	DSM.Sphincs.AllReq.preserves	propext
lean4/Sphincs/RequestLog.lean	DSM.Sphincs.Good.allReq	(none)
lean4/Sphincs/RequestLog.lean	DSM.Sphincs.Good.bind'	propext
lean4/Sphincs/RequestLog.lean	DSM.Sphincs.Good.bind_id	propext
lean4/Sphincs/RequestLog.lean	DSM.Sphincs.Good.congr_val	(none)
lean4/Sphincs/RequestLog.lean	DSM.Sphincs.Good.forIn'	Quot.sound,propext
lean4/Sphincs/RequestLog.lean	DSM.Sphincs.Good.ite'	propext
lean4/Sphincs/RequestLog.lean	DSM.Sphincs.Good.mono	(none)
lean4/Sphincs/RequestLog.lean	DSM.Sphincs.Good.oracle	Quot.sound,propext
lean4/Sphincs/RequestLog.lean	DSM.Sphincs.Good.pure'	Quot.sound,propext
lean4/Sphincs/RequestLog.lean	DSM.Sphincs.Good.pure_id	Quot.sound,propext
lean4/Sphincs/RequestLog.lean	DSM.Sphincs.Good.run_empty	(none)
lean4/Sphincs/RequestLog.lean	DSM.Sphincs.id_bind	(none)
lean4/Sphincs/RequestLog.lean	DSM.Sphincs.id_pure	(none)
lean4/Sphincs/RequestLog.lean	DSM.Sphincs.logM_run_bind	(none)
lean4/Sphincs/RequestLog.lean	DSM.Sphincs.logM_run_pure	(none)
lean4/Sphincs/RequestLog.lean	DSM.Sphincs.logOracle_run	(none)
lean4/Sphincs/SecurityGames.lean	DSM.Sphincs.Security.FiniteExperiment.positive	(none)
lean4/Sphincs/SecurityGames.lean	DSM.Sphincs.Security.Limits.messageLimitPositive	(none)
lean4/Sphincs/SecurityGames.lean	DSM.Sphincs.Security.Probability.bounded	(none)
lean4/Sphincs/SecurityGames.lean	DSM.Sphincs.Security.Probability.positive	(none)
lean4/Sphincs/SecurityGames.lean	DSM.Sphincs.Security.be_decoded_bytes	Quot.sound,propext
lean4/Sphincs/SecurityGames.lean	DSM.Sphincs.Security.finite_union_bound	Quot.sound,propext
lean4/Sphincs/SecurityGames.lean	DSM.Sphincs.Security.fresh_excludes_queried	Classical.choice,Quot.sound,propext
lean4/Sphincs/SecurityGames.lean	DSM.Sphincs.Security.invalid_query_rejected	propext
lean4/Sphincs/SecurityGames.lean	DSM.Sphincs.Security.mass_bounded	Quot.sound,propext
lean4/Sphincs/SecurityGames.lean	DSM.Sphincs.Security.master_seed_sampling_injective	Quot.sound,propext
lean4/Sphincs/SecurityGames.lean	DSM.Sphincs.Security.master_seed_sampling_surjective	Quot.sound,propext
lean4/Sphincs/SecurityGames.lean	DSM.Sphincs.Security.master_seed_ticket_recovers	Quot.sound,propext
lean4/Sphincs/SecurityGames.lean	DSM.Sphincs.Security.probability_denominator	Quot.sound,propext
lean4/Sphincs/SecurityGames.lean	DSM.Sphincs.Security.probability_union_bound	Quot.sound,propext
lean4/Sphincs/SecurityGames.lean	DSM.Sphincs.Security.queried_message_cannot_win	Classical.choice,Quot.sound,propext
lean4/Sphincs/SecurityGames.lean	DSM.Sphincs.Security.query_budget	Quot.sound,propext
lean4/Sphincs/SecurityGames.lean	DSM.Sphincs.Security.repeated_query_replies	propext
lean4/Sphincs/SecurityGames.lean	DSM.Sphincs.Security.run_preserves_public_key	propext
lean4/Sphincs/SecurityGames.lean	DSM.Sphincs.Security.snoc_induction	propext
lean4/Sphincs/SecurityGames.lean	DSM.Sphincs.Security.toInt_bound	Quot.sound,propext
lean4/Sphincs/SecurityGames.lean	DSM.Sphincs.Security.toInt_snoc	Quot.sound,propext
lean4/Sphincs/SecurityGames.lean	DSM.Sphincs.Security.union_mass_bound	Quot.sound,propext
lean4/Sphincs/SeedHybrid.lean	DSM.Sphincs.Security.expanded_keypair_widths	Classical.choice,Quot.sound,propext
lean4/Sphincs/SeedHybrid.lean	DSM.Sphincs.Security.expansion_field_widths	Classical.choice,Quot.sound,propext
lean4/Sphincs/SeedHybrid.lean	DSM.Sphincs.Security.gap_symmetric	propext
lean4/Sphincs/SeedHybrid.lean	DSM.Sphincs.Security.gap_zero_iff	Classical.choice,Quot.sound,propext
lean4/Sphincs/SeedHybrid.lean	DSM.Sphincs.Security.keygen_expansion_refines	propext
lean4/Sphincs/SeedHybrid.lean	DSM.Sphincs.Security.probability_hybrid_bound	Quot.sound,propext
lean4/Sphincs/SeedHybrid.lean	DSM.Sphincs.Security.seed_distinguisher_exact	propext
lean4/Sphincs/SeedHybrid.lean	DSM.Sphincs.Security.seed_distinguisher_query_budget	Quot.sound,propext
lean4/Sphincs/SeedHybrid.lean	DSM.Sphincs.Security.seed_expansion_width	(none)
lean4/Sphincs/SeedHybrid.lean	DSM.Sphincs.Security.seed_hybrid_real_equivalence	Quot.sound,propext
lean4/Sphincs/SeedHybrid.lean	DSM.Sphincs.Security.seed_prg_hybrid_bound	Quot.sound,propext
lean4/Sphincs/SeedHybrid.lean	DSM.Sphincs.Security.uniform_expansion_injective	Quot.sound,propext
lean4/Sphincs/SeedHybrid.lean	DSM.Sphincs.Security.uniform_expansion_surjective	Quot.sound,propext
lean4/Sphincs/SeedHybrid.lean	DSM.Sphincs.Security.uniform_expansion_ticket_recovers	Quot.sound,propext
lean4/Sphincs/Signer.lean	DSM.Sphincs.even_offset_sibling	Classical.choice,Quot.sound,propext
lean4/Sphincs/Signer.lean	DSM.Sphincs.fors_offset_sibling	Classical.choice,Quot.sound,propext
lean4/Sphincs/Signer.lean	DSM.Sphincs.fors_part_correct	Classical.choice,Quot.sound,propext
lean4/Sphincs/Signer.lean	DSM.Sphincs.fors_part_width	Quot.sound,propext
lean4/Sphincs/Signer.lean	DSM.Sphincs.fors_sign_blocks	Quot.sound,propext
lean4/Sphincs/Signer.lean	DSM.Sphincs.fors_sign_correct	Classical.choice,Quot.sound,propext
lean4/Sphincs/Signer.lean	DSM.Sphincs.fors_sign_width	Quot.sound,propext
lean4/Sphincs/Signer.lean	DSM.Sphincs.fors_verify_blocks	Quot.sound,propext
lean4/Sphincs/Signer.lean	DSM.Sphincs.gather	Quot.sound,propext
lean4/Sphincs/Signer.lean	DSM.Sphincs.gather_raw	Quot.sound,propext
lean4/Sphincs/Signer.lean	DSM.Sphincs.generated_key_valid	Quot.sound,propext
lean4/Sphincs/Signer.lean	DSM.Sphincs.ht_root_tail_cons	propext
lean4/Sphincs/Signer.lean	DSM.Sphincs.ht_sign_correct	Classical.choice,Quot.sound,propext
lean4/Sphincs/Signer.lean	DSM.Sphincs.ht_sign_tail_step	propext
lean4/Sphincs/Signer.lean	DSM.Sphincs.ht_sign_tail_width	Quot.sound,propext
lean4/Sphincs/Signer.lean	DSM.Sphincs.ht_sign_width	Quot.sound,propext
lean4/Sphincs/Signer.lean	DSM.Sphincs.ht_tail_correct	Classical.choice,Quot.sound,propext
lean4/Sphincs/Signer.lean	DSM.Sphincs.keygen_sign_verify	Classical.choice,Quot.sound,propext
lean4/Sphincs/Signer.lean	DSM.Sphincs.next_layer_leaf_quotient	propext
lean4/Sphincs/Signer.lean	DSM.Sphincs.serialized_indexed_block	Quot.sound,propext
lean4/Sphincs/Signer.lean	DSM.Sphincs.serialized_map_block	Quot.sound,propext
lean4/Sphincs/Signer.lean	DSM.Sphincs.signer_correct	Classical.choice,Quot.sound,propext
lean4/Sphincs/Signer.lean	DSM.Sphincs.slice_append_prefix	Quot.sound,propext
lean4/Sphincs/Signer.lean	DSM.Sphincs.supported_ht_sign_correct	Classical.choice,Quot.sound,propext
lean4/Sphincs/Signer.lean	DSM.Sphincs.supported_layer_bounds	(none)
lean4/Sphincs/Signer.lean	DSM.Sphincs.uniform_block_at	Quot.sound,propext
lean4/Sphincs/Signer.lean	DSM.Sphincs.uniform_blocks_length	Quot.sound,propext
lean4/Sphincs/Signer.lean	DSM.Sphincs.wots_pkgen_blocks	Quot.sound,propext
lean4/Sphincs/Signer.lean	DSM.Sphincs.wots_sign_blocks	Quot.sound,propext
lean4/Sphincs/Signer.lean	DSM.Sphincs.wots_sign_correct	Quot.sound,propext
lean4/Sphincs/Signer.lean	DSM.Sphincs.wots_sign_width	Quot.sound,propext
lean4/Sphincs/Signer.lean	DSM.Sphincs.wots_verify_blocks	Quot.sound,propext
lean4/Sphincs/Signer.lean	DSM.Sphincs.xmss_auth_bytes	Classical.choice,Quot.sound,propext
lean4/Sphincs/Signer.lean	DSM.Sphincs.xmss_sign_blocks	Quot.sound,propext
lean4/Sphincs/Signer.lean	DSM.Sphincs.xmss_sign_correct	Classical.choice,Quot.sound,propext
lean4/Sphincs/Signer.lean	DSM.Sphincs.xmss_sign_width	Quot.sound,propext
lean4/Sphincs/TweakUse.lean	DSM.Sphincs.canonical_requests_agree	Quot.sound,propext
lean4/Sphincs/TweakUse.lean	DSM.Sphincs.generated_key_material	Quot.sound,propext
lean4/Sphincs/TweakUse.lean	DSM.Sphincs.keygen_sign_tweak_single_use	Classical.choice,Quot.sound,propext
lean4/Sphincs/TweakUse.lean	DSM.Sphincs.keygen_thash_inputs_canonical	Quot.sound,propext
lean4/Sphincs/TweakUse.lean	DSM.Sphincs.keygen_thash_key_canonical	Quot.sound,propext
lean4/Sphincs/TweakUse.lean	DSM.Sphincs.keygen_tweak_single_use	Quot.sound,propext
lean4/Sphincs/TweakUse.lean	DSM.Sphincs.sign_thash_inputs_canonical	Classical.choice,Quot.sound,propext
lean4/Sphincs/TweakUse.lean	DSM.Sphincs.sign_thash_key_canonical	Classical.choice,Quot.sound,propext
lean4/Sphincs/TweakUse.lean	DSM.Sphincs.sign_tweak_single_use	Classical.choice,Quot.sound,propext
lean4/Sphincs/TweakUse.lean	DSM.Sphincs.sign_tweak_single_use_across	Classical.choice,Quot.sound,propext
lean4/Sphincs/WotsChecksum.lean	DSM.Sphincs.base2b_length	propext
lean4/Sphincs/WotsChecksum.lean	DSM.Sphincs.base2b_nibble	Quot.sound,propext
lean4/Sphincs/WotsChecksum.lean	DSM.Sphincs.base2b_nibble_le	Quot.sound,propext
lean4/Sphincs/WotsChecksum.lean	DSM.Sphincs.checksum_digits	Quot.sound,propext
lean4/Sphincs/WotsChecksum.lean	DSM.Sphincs.checksum_fold	Quot.sound,propext
lean4/Sphincs/WotsChecksum.lean	DSM.Sphincs.remainingSteps_le	Quot.sound,propext
lean4/Sphincs/WotsChecksum.lean	DSM.Sphincs.remainingSteps_mono	Classical.choice,Quot.sound,propext
lean4/Sphincs/WotsChecksum.lean	DSM.Sphincs.wots_checksum_decreases	Classical.choice,Quot.sound,propext
lean4/Sphincs/WotsChecksum.lean	DSM.Sphincs.wots_checksum_decreases_of	Classical.choice,Quot.sound,propext
lean4/Sphincs/WotsChecksum.lean	DSM.Sphincs.wots_checksum_decreases_of_ne	Classical.choice,Quot.sound,propext
lean4/Sphincs/WotsChecksum.lean	DSM.Sphincs.wots_digits_injective	Quot.sound,propext
lean4/Sphincs/WotsChecksum.lean	DSM.Sphincs.wots_digits_split	Quot.sound,propext
lean4/Sphincs/WotsExtraction.lean	DSM.Sphincs.digit_mem	Quot.sound,propext
lean4/Sphincs/WotsExtraction.lean	DSM.Sphincs.slice_width	Quot.sound,propext
lean4/Sphincs/WotsExtraction.lean	DSM.Sphincs.wots_forgery_extract	Classical.choice,Quot.sound,propext
lean4/Sphincs/WotsExtraction.lean	DSM.Sphincs.wots_forgery_extract_of	Classical.choice,Quot.sound,propext
lean4/Sphincs/WotsExtraction.lean	DSM.Sphincs.wots_forgery_extract_of_ne	Classical.choice,Quot.sound,propext
lean4/Sphincs/WotsExtraction.lean	DSM.Sphincs.wots_sign_reveals	Quot.sound,propext
lean4/Sphincs/WrapperForgery.lean	DSM.Sphincs.Security.connect_forgery_extract	Classical.choice,Quot.sound,propext
lean4/Sphincs/WrapperForgery.lean	DSM.Sphincs.Security.ek_cert_forgery_extract	Classical.choice,Quot.sound,propext
lean4/Sphincs/WrapperForgery.lean	DSM.Sphincs.Security.escrow_forgery_extract	Classical.choice,Quot.sound,propext
lean4/Sphincs/WrapperForgery.lean	DSM.Sphincs.Security.mforge_of_parts	propext
lean4/Sphincs/WrapperForgery.lean	DSM.Sphincs.Security.not_fresh_signed	Classical.choice,Quot.sound,propext
lean4/Sphincs/WrapperForgery.lean	DSM.Sphincs.Security.wrapper_forgery_extract	Classical.choice,Quot.sound,propext
lean4/Sphincs/WrapperInjective.lean	DSM.Sphincs.ConnectKind.tag_injective	Quot.sound,propext
lean4/Sphincs/WrapperInjective.lean	DSM.Sphincs.ConnectKind.tag_mem	propext
lean4/Sphincs/WrapperInjective.lean	DSM.Sphincs.be_head	Quot.sound,propext
lean4/Sphincs/WrapperInjective.lean	DSM.Sphincs.bytearray_toList	Quot.sound,propext
lean4/Sphincs/WrapperInjective.lean	DSM.Sphincs.bytearray_toList_loop	Quot.sound,propext
lean4/Sphincs/WrapperInjective.lean	DSM.Sphincs.connect_signing_injective	Quot.sound,propext
lean4/Sphincs/WrapperInjective.lean	DSM.Sphincs.domainInput_eq_tagged	Quot.sound,propext
lean4/Sphincs/WrapperInjective.lean	DSM.Sphincs.escrow_statement_injective	Quot.sound,propext
lean4/Sphincs/WrapperInjective.lean	DSM.Sphincs.resolution_claim_ccb_injective	Quot.sound,propext
lean4/Sphincs/WrapperInjective.lean	DSM.Sphincs.resolution_claim_ccb_width	propext
lean4/Sphincs/WrapperInjective.lean	DSM.Sphincs.resolution_claim_signing_injective	Quot.sound,propext
lean4/Sphincs/WrapperInjective.lean	DSM.Sphincs.signing_domain_separation	Quot.sound,propext
lean4/Sphincs/WrapperInjective.lean	DSM.Sphincs.signing_tags_distinct	Quot.sound,propext
lean4/Sphincs/WrapperInjective.lean	DSM.Sphincs.signing_tags_nul_free	Quot.sound,propext
lean4/Sphincs/WrapperInjective.lean	DSM.Sphincs.tagged_cons	propext
lean4/Sphincs/WrapperInjective.lean	DSM.Sphincs.tagged_injective	propext
lean4/Sphincs/WrapperInjective.lean	DSM.Sphincs.tagged_nil	propext
lean4/Sphincs/WrapperInjective.lean	DSM.Sphincs.toUTF8_toList	Quot.sound,propext
lean4/Sphincs/WrapperInjective.lean	DSM.Sphincs.wire_head	propext
lean4/Sphincs/WrapperReduction.lean	DSM.Sphincs.Security.certificate_encoding_injective	Quot.sound,propext
lean4/Sphincs/WrapperReduction.lean	DSM.Sphincs.Security.certificate_forgery_extraction	Classical.choice,Quot.sound,propext
lean4/Sphincs/WrapperReduction.lean	DSM.Sphincs.Security.event_mass_monotone	Quot.sound,propext
lean4/Sphincs/WrapperReduction.lean	DSM.Sphincs.Security.extraction_event_implication	Classical.choice,Quot.sound,propext
lean4/Sphincs/WrapperReduction.lean	DSM.Sphincs.Security.extractor_hash_query_bound	propext
lean4/Sphincs/WrapperReduction.lean	DSM.Sphincs.Security.search_query_bound	propext
lean4/Sphincs/WrapperReduction.lean	DSM.Sphincs.Security.search_refines_find	propext
lean4/Sphincs/WrapperReduction.lean	DSM.Sphincs.Security.traced_extractor_refines	propext
lean4/Sphincs/WrapperReduction.lean	DSM.Sphincs.Security.wrapper_advantage_reduction	Classical.choice,Quot.sound,propext
lean4/Sphincs/WrapperReduction.lean	DSM.Sphincs.Security.wrapper_forgery_extraction	Classical.choice,Quot.sound,propext
lean4/Sphincs/XmssExtraction.lean	DSM.Sphincs.layer_take_width	Quot.sound,propext
lean4/Sphincs/XmssExtraction.lean	DSM.Sphincs.wotsPkFromSig_width	Quot.sound,propext
lean4/Sphincs/XmssExtraction.lean	DSM.Sphincs.xmss_forgery_extract	Classical.choice,Quot.sound,propext
