# Every entry point of the shipped builds, and every export no declaration
# names (undeclared-export: a dead-root candidate). A new or lost one fails
# `ci/requirement_map.py check --roots` until this file is changed in the same
# pull request: an entry point is never added or lost unexplained. The node's
# rows come from a Linux map (CI's).
artifact	kind	path
android	export	dsm_sdk::jni::ble_events::Java_com_dsm_wallet_bridge_UnifiedNativeApi_createBleAdvertisingStartedEnvelope
android	export	dsm_sdk::jni::ble_events::Java_com_dsm_wallet_bridge_UnifiedNativeApi_createBleAdvertisingStoppedEnvelope
android	export	dsm_sdk::jni::ble_events::Java_com_dsm_wallet_bridge_UnifiedNativeApi_createBleConnectionEstablishedEnvelope
android	export	dsm_sdk::jni::ble_events::Java_com_dsm_wallet_bridge_UnifiedNativeApi_createBleConnectionLostEnvelope
android	export	dsm_sdk::jni::ble_events::Java_com_dsm_wallet_bridge_UnifiedNativeApi_createBleDeviceFoundEnvelope
android	export	dsm_sdk::jni::ble_events::Java_com_dsm_wallet_bridge_UnifiedNativeApi_createBlePermissionDeniedEnvelope
android	export	dsm_sdk::jni::ble_events::Java_com_dsm_wallet_bridge_UnifiedNativeApi_createBleScanStartedEnvelope
android	export	dsm_sdk::jni::ble_events::Java_com_dsm_wallet_bridge_UnifiedNativeApi_createBleScanStoppedEnvelope
android	export	dsm_sdk::jni::ble_events::Java_com_dsm_wallet_bridge_UnifiedNativeApi_createNfcBackupWrittenEnvelope
android	export	dsm_sdk::jni::ble_events::Java_com_dsm_wallet_bridge_UnifiedNativeApi_createNfcRecoveryCapsuleEnvelope
android	export	dsm_sdk::jni::ble_events::Java_com_dsm_wallet_bridge_UnifiedNativeApi_encodeIdentityCharValue
android	export	dsm_sdk::jni::ble_events::Java_com_dsm_wallet_bridge_UnifiedNativeApi_finalizeScannerPairing
android	export	dsm_sdk::jni::ble_events::Java_com_dsm_wallet_bridge_UnifiedNativeApi_processBleIdentityEnvelope
android	export	dsm_sdk::jni::ble_events::Java_com_dsm_wallet_bridge_UnifiedNativeApi_processGattIdentityRead
android	export	dsm_sdk::jni::helpers::Java_com_dsm_wallet_bridge_UnifiedNativeApi_hasContactForDeviceId
android	export	dsm_sdk::jni::helpers::Java_com_dsm_wallet_bridge_UnifiedNativeApi_isBleAddressPaired
android	export	dsm_sdk::jni::helpers::Java_com_dsm_wallet_bridge_UnifiedNativeApi_isCommitEnvelope
android	export	dsm_sdk::jni::helpers::Java_com_dsm_wallet_bridge_UnifiedNativeApi_isRejectEnvelope
android	export	dsm_sdk::jni::helpers::Java_com_dsm_wallet_bridge_UnifiedNativeApi_notifyBleIdentityObserved
android	export	dsm_sdk::jni::unified_protobuf_bridge::Java_com_dsm_native_DsmNative_initializeBilateralSdk
android	export	dsm_sdk::jni::unified_protobuf_bridge::Java_com_dsm_wallet_bridge_UnifiedNativeApi_acceptBilateralByCommitment
android	export	dsm_sdk::jni::unified_protobuf_bridge::Java_com_dsm_wallet_bridge_UnifiedNativeApi_bleDataResponseExtractChunks
android	export	dsm_sdk::jni::unified_protobuf_bridge::Java_com_dsm_wallet_bridge_UnifiedNativeApi_bleDataResponseUsesReliableWrite
android	export	dsm_sdk::jni::unified_protobuf_bridge::Java_com_dsm_wallet_bridge_UnifiedNativeApi_bleNotifyLink
android	export	dsm_sdk::jni::unified_protobuf_bridge::Java_com_dsm_wallet_bridge_UnifiedNativeApi_cancelBilateralByCommitment
android	export	dsm_sdk::jni::unified_protobuf_bridge::Java_com_dsm_wallet_bridge_UnifiedNativeApi_chunkEnvelopeForBle
android	export	dsm_sdk::jni::unified_protobuf_bridge::Java_com_dsm_wallet_bridge_UnifiedNativeApi_chunkEnvelopeForBleWithCounterparty
android	export	dsm_sdk::jni::unified_protobuf_bridge::Java_com_dsm_wallet_bridge_UnifiedNativeApi_clearPendingRecoveryCapsule
android	export	dsm_sdk::jni::unified_protobuf_bridge::Java_com_dsm_wallet_bridge_UnifiedNativeApi_clearSessionFatalError
android	export	dsm_sdk::jni::unified_protobuf_bridge::Java_com_dsm_wallet_bridge_UnifiedNativeApi_createTransactionErrorEnvelope
android	export	dsm_sdk::jni::unified_protobuf_bridge::Java_com_dsm_wallet_bridge_UnifiedNativeApi_detectEnvelopeFrameType
android	export	dsm_sdk::jni::unified_protobuf_bridge::Java_com_dsm_wallet_bridge_UnifiedNativeApi_dispatchIngress
android	export	dsm_sdk::jni::unified_protobuf_bridge::Java_com_dsm_wallet_bridge_UnifiedNativeApi_dispatchStartup
android	export	dsm_sdk::jni::unified_protobuf_bridge::Java_com_dsm_wallet_bridge_UnifiedNativeApi_ensureAppRouterInstalled
android	export	dsm_sdk::jni::unified_protobuf_bridge::Java_com_dsm_wallet_bridge_UnifiedNativeApi_getAllBalancesStrict
android	export	dsm_sdk::jni::unified_protobuf_bridge::Java_com_dsm_wallet_bridge_UnifiedNativeApi_getAppRouterStatus
android	export	dsm_sdk::jni::unified_protobuf_bridge::Java_com_dsm_wallet_bridge_UnifiedNativeApi_getDeviceIdBin
android	export	dsm_sdk::jni::unified_protobuf_bridge::Java_com_dsm_wallet_bridge_UnifiedNativeApi_getGenesisHashBin
android	export	dsm_sdk::jni::unified_protobuf_bridge::Java_com_dsm_wallet_bridge_UnifiedNativeApi_getPendingRecoveryCapsule
android	export	dsm_sdk::jni::unified_protobuf_bridge::Java_com_dsm_wallet_bridge_UnifiedNativeApi_getSessionSnapshot
android	export	dsm_sdk::jni::unified_protobuf_bridge::Java_com_dsm_wallet_bridge_UnifiedNativeApi_getTransportHeadersV3
android	export	dsm_sdk::jni::unified_protobuf_bridge::Java_com_dsm_wallet_bridge_UnifiedNativeApi_getTransportHeadersV3Status
android	export	dsm_sdk::jni::unified_protobuf_bridge::Java_com_dsm_wallet_bridge_UnifiedNativeApi_identityReadResultExtractPeerDeviceId
android	export	dsm_sdk::jni::unified_protobuf_bridge::Java_com_dsm_wallet_bridge_UnifiedNativeApi_identityReadResultExtractPeerGenesisHash
android	export	dsm_sdk::jni::unified_protobuf_bridge::Java_com_dsm_wallet_bridge_UnifiedNativeApi_identityReadResultExtractWriteBack
android	export	dsm_sdk::jni::unified_protobuf_bridge::Java_com_dsm_wallet_bridge_UnifiedNativeApi_identityReadResultGetSuccess
android	export	dsm_sdk::jni::unified_protobuf_bridge::Java_com_dsm_wallet_bridge_UnifiedNativeApi_initDsmSdk
android	export	dsm_sdk::jni::unified_protobuf_bridge::Java_com_dsm_wallet_bridge_UnifiedNativeApi_initSdk
android	export	dsm_sdk::jni::unified_protobuf_bridge::Java_com_dsm_wallet_bridge_UnifiedNativeApi_initStorageBaseDir
android	export	dsm_sdk::jni::unified_protobuf_bridge::Java_com_dsm_wallet_bridge_UnifiedNativeApi_isBleCoordinatorReady
android	export	dsm_sdk::jni::unified_protobuf_bridge::Java_com_dsm_wallet_bridge_UnifiedNativeApi_isErrorEnvelope
android	export	dsm_sdk::jni::unified_protobuf_bridge::Java_com_dsm_wallet_bridge_UnifiedNativeApi_maybeRefreshNfcCapsule
android	export	dsm_sdk::jni::unified_protobuf_bridge::Java_com_dsm_wallet_bridge_UnifiedNativeApi_onAppBackgrounded
android	export	dsm_sdk::jni::unified_protobuf_bridge::Java_com_dsm_wallet_bridge_UnifiedNativeApi_prepareNfcWritePayload
android	export	dsm_sdk::jni::unified_protobuf_bridge::Java_com_dsm_wallet_bridge_UnifiedNativeApi_processEnvelopeV3
android	export	dsm_sdk::jni::unified_protobuf_bridge::Java_com_dsm_wallet_bridge_UnifiedNativeApi_processIncomingBleData
android	export	dsm_sdk::jni::unified_protobuf_bridge::Java_com_dsm_wallet_bridge_UnifiedNativeApi_rejectBilateralByCommitment
android	export	dsm_sdk::jni::unified_protobuf_bridge::Java_com_dsm_wallet_bridge_UnifiedNativeApi_removeContact
android	export	dsm_sdk::jni::unified_protobuf_bridge::Java_com_dsm_wallet_bridge_UnifiedNativeApi_requiresBleAck
android	export	dsm_sdk::jni::unified_protobuf_bridge::Java_com_dsm_wallet_bridge_UnifiedNativeApi_setSessionFatalError
android	export	dsm_sdk::jni::unified_protobuf_bridge::Java_com_dsm_wallet_bridge_UnifiedNativeApi_updateSessionHardwareFacts
android	load	dsm_sdk::_dsm_builtins_guard
android	undeclared-export	dsm_sdk::jni::unified_protobuf_bridge::Java_com_dsm_wallet_bridge_UnifiedNativeApi_bitcoinGenerateAddress
android	undeclared-export	dsm_sdk::jni::unified_protobuf_bridge::Java_com_dsm_wallet_bridge_UnifiedNativeApi_bitcoinSwapComplete
android	undeclared-export	dsm_sdk::jni::unified_protobuf_bridge::Java_com_dsm_wallet_bridge_UnifiedNativeApi_bitcoinSwapInitiate
android	undeclared-export	dsm_sdk::jni::unified_protobuf_bridge::Java_com_dsm_wallet_bridge_UnifiedNativeApi_bitcoinSwapRefund
android	undeclared-export	dsm_sdk::jni::unified_protobuf_bridge::Java_com_dsm_wallet_bridge_UnifiedNativeApi_bitcoinSwapStatus
android	undeclared-export	dsm_sdk::jni::unified_protobuf_bridge::Java_com_dsm_wallet_bridge_UnifiedNativeApi_bitcoinVerifyPayment
android	undeclared-export	dsm_sdk::runtime::dsm_init_runtime
android	vm	dsm_sdk::jni::JNI_OnLoad
