# Every rule the requirement map applies, and what tests it. A test in
# src/rules.rs checks this table against the code and the files it cites:
# every reason code, edge kind and entry-point kind the map can write, and
# every rule ci/requirement_map.py's check can name (CHECK_RULES), has one
# row, and no row names anything else; every unit test, fixture reading,
# mutation case and sentinel a row cites exists; a code's positive reading and
# sentinel read that code, and its negative does not; a code's mutation moves
# a reading to or from it; a check rule's mutation is a planted case naming it.
#
#   rule      the code, edge kind, entry-point kind or check rule
#   kind      code | edge | root | check | outcome | pin
#   unit      unit tests in src/ (`;` between several); for a pin state (ci/intent_pins.py),
#             test methods in ci/test_intent_pins.py
#   positive  a fixture reading (tools/requirement_map/fixture/expected.tsv) the rule decides;
#             for an outcome, a fixture manifest row (requirement:symbol, intent-expected.tsv)
#   negative  a nearby fixture reading, or manifest row, it does not
#   mutation  cases in tools/requirement_map/fixture/mutations.toml
#   sentinel  a committed real-tree reading (ci/requirement_map.sentinels.tsv), artifact:path
#   gap       why a column holds `-`; `-` when none does
rule	kind	unit	positive	negative	mutation	sentinel	gap
REACHED	code	proven_references_reach_and_nothing_else_does;a_dispatch_step_is_told_from_a_direct_path	probe::fold	probe::Named::Example::static_fn	the-gated-statement-loses-its-gate	android:dsm_sdk::jni::JNI_OnLoad	-
REACHED_VIA_DISPATCH	code	a_dispatch_step_is_told_from_a_direct_path;dispatch_reaches_an_impl_only_when_its_self_type_is_reached	probe::Named::Example::static_fn	probe::Qualified::Example::static_fn	the-type-argument-changes	android:dsm_sdk::handlers::app_router_impl::AppRouterImpl::AppRouter::query	-
IND_DISPATCH_SELF_TYPE	code	dispatch_reaches_an_impl_only_when_its_self_type_is_reached	probe::Never::Example::instance_fn	probe::Built::Example::instance_fn	the-constructed-value-moves-to-the-other-type	android:dsm::crypto::anchor_enrollment::InMemoryAnchorEnrollmentStore::AnchorEnrollmentStore::admit	-
IND_NOT_CONSTRUCTED	code	an_outside_trait_impl_runs_only_for_a_constructed_type	probe::outside::OnlyNamed::Display::fmt	probe::outside::Made::Display::fmt	the-only-named-type-is-made	android:dsm::core::token::policy::policy_enforcement::EnforcementError::Display::fmt	-
IND_NOT_DISPATCHED	code	an_outside_trait_s_associated_function_runs_only_on_a_dispatch_by_type	probe::outside::OnlyNamed::Default::default	probe::outside::Dispatched::Default::default	the-only-named-type-is-dispatched-on	android:dsm::sofi::resolve::VerifierFailure::From::from	-
IND_AMBIGUOUS_TRAIT	code	-	-	-	-	-	no shape found: the index names an impl's trait at the impl's header, and only an impl whose header it holds no occurrence for falls back to the trait's bare name; decided while loading the index (index.rs), which has no unit tests
IND_AMBIGUOUS_SELF_TYPE	code	an_unestablished_self_type_never_reaches;an_uncertain_edge_leads_only_to_indeterminate	probe::twins::left::Twin::Display::fmt	probe::outside::Made::Display::fmt	one-twin-is-renamed	-	no real sentinel today: the one it had (PrecommitLookup on BTreeMap) went with #1096 (12j: registration reads no P); the map still reads this code on android, and the next sentinel is taken from a real reading of it
IND_UNLINKED_IMPL	code	-	probe::objects::dyn::Debug::fmt	probe::objects::Boxed::Example::instance_fn	-	android:dsm::crypto::anchor_enrollment::dyn::Debug::fmt	decided from the impl symbol's shape while loading the index (index.rs), which has no unit tests; no case moves it, since the only change is removing the impl
IND_MACRO_GROUP	code	-	probe::macros::from_the_pair	probe::macros::only_the_macro_calls	the-pair-call-is-removed	-	decided while loading the index (index.rs), which has no unit tests; no real reading today
IND_SCOPE_UNDECIDED	code	-	@probe/src/scopes.rs:43 twice_named	@probe/src/scopes.rs:58 helper	-	-	decided while loading the index (index.rs), which has no unit tests; a case telling the two items apart gives them readings under new keys, which a case cannot name; no real reading today
IND_UNRESOLVED_CALL	code	a_call_s_qualifier_is_decided_by_its_site_or_left_open	probe::macros::only_the_macro_calls	probe::macros::len	the-macro-body-call-is-removed	android:dsm::common::device_tree::DeviceTree::len	-
IND_MACRO_BODY	code	seeds_make_the_unreached_indeterminate_and_leave_the_reached_alone	probe::macros::Templated::named_by_self_type	probe::paths::Inherent::never_called	the-self-type-call-is-removed	-	no real reading today: no reached macro body in the shipped crates calls through `Self::`
IND_UNINDEXED_ARTIFACT	code	seeds_make_the_unreached_indeterminate_and_leave_the_reached_alone	-	-	-	android:dsm_sdk::bridge::install_anchor_appliance_factory	the fixture is one crate its index reads whole; the anchor crate, which the map cannot index on this host, is the example
IND_CFG_UNDECIDED	code	an_unknown_condition_leaves_the_gate_undecided;a_site_the_build_turns_off_is_not_its_edge	probe::gates::undecided_twin	probe::gates::release_only	the-gated-feature-ships	-	no real reading today: no gate in the shipped crates names a feature the index adds together with a condition this map does not evaluate
IND_UNREAD_DECLARATION	code	an_export_an_unread_declaration_could_be_is_found_by_prefix;each_entry_point_kind_is_decided_by_its_rule	probe::roots::Java_fixture_Probe_hidden_00024probe	probe::roots::exported_under_another_name	the-internal-declaration-goes-public	-	no real reading today: the app declares no native this map cannot spell
IND_PROFILE_NOT_BUILT	code	-	-	-	-	-	a property of the host, not of code: the storage node's build is indexed only on Linux, so on any other host every node reading is this one
DEAD_NO_ROOT_PATH	code	proven_references_reach_and_nothing_else_does	probe::unused	probe::fold	a-declaration-is-removed	android:dsm_sdk::jni::unified_protobuf_bridge::Java_com_dsm_wallet_bridge_UnifiedNativeApi_bitcoinGenerateAddress	-
NOT_IN_ARTIFACT	code	a_test_feature_gate_is_off_in_the_shipped_build;a_hyphenated_package_s_leaked_features_are_found	probe::gates::leaked	probe::gates::called_under_leak	the-gated-feature-ships	android:dsm_sdk::sdk::core_sdk::CoreSDK::forget_process_startup_admissions_for_testing	-
reference	edge	proven_references_reach_and_nothing_else_does;a_site_the_build_turns_off_is_not_its_edge	probe::fold	probe::gates::called_under_leak	the-gated-statement-loses-its-gate	android:dsm_sdk::bridge::get_all_balances_strict	-
format-capture	edge	inline_format_arguments_are_captures;a_token_s_place_in_a_definition_is_its_place_in_the_file	probe::paths::CAPTURED	probe::unused	the-format-string-stops-capturing	android:dsm::ccb::FEE_DENOMINATOR	-
impl-of	edge	-	-	-	-	android:dsm_sdk::bluetooth::bilateral_transport_adapter::BleTransportDelegate	every trait in the fixture is reached by a reference before an impl of it; no unit test names the kind, which reach follows like a reference
trait-dispatch	edge	dispatch_reaches_an_impl_only_when_its_self_type_is_reached;a_self_type_reached_after_the_trait_call_still_counts	probe::Built::Example::instance_fn	probe::Never::Example::instance_fn	the-constructed-value-moves-to-the-other-type	android:dsm::economic::peer_lineage::SourceAncestry::ProvenanceResolver::anchored_policy_bytes	-
construct	edge	a_type_is_constructed_only_where_a_value_is_made;an_outside_trait_impl_runs_only_for_a_constructed_type	probe::Built	probe::Never	the-constructed-value-moves-to-the-other-type	android:dsm::bilateral::offline::AcceptedStep	-
member-of	edge	a_reached_member_means_its_type_has_a_value	-	-	-	android:dsm::core::bilateral_transaction_manager::BilateralTransactionManager	no fixture type is reached first through a member of it, and no case moves one
associated-of	edge	an_associated_item_s_type_is_dispatched_on	-	-	-	-	no fixture reading dispatches through an associated item, and no real type is reached first through one
type-argument	edge	an_associated_function_runs_on_dispatch_evidence_without_a_value;a_value_is_no_evidence_of_an_associated_function_s_dispatch	probe::Named::Example::static_fn	probe::Built::Example::static_fn	the-type-argument-changes	android:dsm::sofi::smt::fold::EconomicHashes::SmtHashes::leaf	-
self-type	edge	an_outside_trait_impl_runs_only_for_a_constructed_type;an_outside_trait_s_associated_function_runs_only_on_a_dispatch_by_type	probe::outside::Made::Display::fmt	probe::outside::OnlyNamed::Display::fmt	the-only-named-type-is-made	android:dsm::ccb::decode::DecodeError::Display::fmt	-
main	root	a_binary_root_is_a_target_root_not_any_file_under_bin;each_entry_point_kind_is_decided_by_its_rule	-	-	-	node:dsm_storage_node::main	the fixture is a library; the storage node's main is the example, checked where its build is indexed (Linux); no case moves it
load	root	load_time_constructors_are_entry_points;each_entry_point_kind_is_decided_by_its_rule	-	-	-	-	the fixture takes no constructor crate, and no shipped build has a load-time constructor since the SDK's builtins guard was removed (CONFORMANCE §6.39); the unit tests are its only evidence; no case moves it
vm	root	each_entry_point_kind_is_decided_by_its_rule	probe::roots::JNI_OnLoad	probe::roots::Java_fixture_Probe_undeclared	-	android:dsm_sdk::jni::JNI_OnLoad	no case moves it: the JVM calls its two names whatever the app declares
export	root	each_entry_point_kind_is_decided_by_its_rule;exports_are_read_by_the_attribute_not_by_a_mention	probe::roots::exported_under_another_name	probe::roots::Java_fixture_Probe_undeclared	a-declaration-is-removed;a-jni-declaration-is-removed	android:dsm_sdk::jni::unified_protobuf_bridge::Java_com_dsm_wallet_bridge_UnifiedNativeApi_dispatchIngress	-
test	root	test_functions_are_recognised_by_their_attribute	-	-	-	-	a root of the host test build only: the fixture's readings, the cases and the sentinels are the shipped builds'
undeclared-export	root	each_entry_point_kind_is_decided_by_its_rule	probe::roots::Java_fixture_Probe_undeclared	probe::roots::exported_under_another_name	a-declaration-is-removed	android:dsm_sdk::jni::unified_protobuf_bridge::Java_com_dsm_wallet_bridge_UnifiedNativeApi_bitcoinGenerateAddress	-
unread-declaration	root	each_entry_point_kind_is_decided_by_its_rule;an_export_an_unread_declaration_could_be_is_found_by_prefix	probe::roots::Java_fixture_Probe_hidden_00024probe	probe::roots::exported_under_another_name	the-internal-declaration-goes-public	-	no real reading today: the app declares no native this map cannot spell
undecided-gate	root	-	probe::roots::Java_fixture_Probe_gated	probe::roots::exported_under_another_name	the-gated-feature-ships	-	decided in each build's graph, which no unit test builds; no real reading today
state-code	check	-	-	-	a-dead-reading-with-a-reached-code	-	a check of the map's own tables: its planted case is its test, and the clean fixture and real maps are its negatives
reached-outside-its-build	check	-	-	-	reached-in-a-build-that-does-not-index-it	-	a check of the map's own tables: its planted case is its test, and the clean fixture and real maps are its negatives
dead-with-a-witness	check	-	-	-	a-dead-reading-with-a-witness	-	a check of the map's own tables: its planted case is its test, and the clean fixture and real maps are its negatives
root-not-recorded	check	-	-	-	a-root-reading-of-another-kind	-	a check of the map's own tables: its planted case is its test, and the clean fixture and real maps are its negatives
root-not-reached	check	-	-	-	an-entry-point-that-is-dead	-	a check of the map's own tables: its planted case is its test, and the clean fixture and real maps are its negatives
unreached-after-a-proven-edge	check	-	-	-	a-reached-caller-whose-callee-reads-dead	-	a check of the map's own tables: its planted case is its test, and the clean fixture and real maps are its negatives
witness-through-unreached	check	-	-	-	a-witness-through-a-dead-step	-	a check of the map's own tables: its planted case is its test, and the clean fixture and real maps are its negatives
witness-cycle	check	-	-	-	a-witness-that-loops	-	a check of the map's own tables: its planted case is its test, and the clean fixture and real maps are its negatives
witness-names-nothing	check	-	-	-	a-witness-naming-nothing	-	a check of the map's own tables: its planted case is its test, and the clean fixture and real maps are its negatives
witness-step-not-a-proven-edge	check	-	-	-	a-witness-step-that-is-no-edge	-	a check of the map's own tables: its planted case is its test, and the clean fixture and real maps are its negatives
dispatch-without-evidence	check	-	-	-	a-dispatch-with-its-value-gone	-	a check of the map's own tables: its planted case is its test, and the clean fixture and real maps are its negatives
direct-reach-through-a-dispatch	check	-	-	-	a-direct-code-over-a-dispatch	-	a check of the map's own tables: its planted case is its test, and the clean fixture and real maps are its negatives
dispatch-reach-without-a-dispatch	check	-	-	-	a-dispatch-code-with-no-dispatch	-	a check of the map's own tables: its planted case is its test, and the clean fixture and real maps are its negatives
sentinel-lost	check	-	-	-	a-sentinel-reads-otherwise	-	a check of the map against the committed sentinels: its planted case is its test, and the clean real map is its negative
entry-point-new	check	-	-	-	an-entry-point-appears	-	a check of the map against the committed entry points: its planted case is its test, and the clean real map is its negative
entry-point-lost	check	-	-	-	an-entry-point-goes	-	a check of the map against the committed entry points: its planted case is its test, and the clean real map is its negative
indeterminate-jump	check	-	-	-	the-dead-turn-indeterminate	-	a check of the map against the committed counts: its planted case is its test, and the clean real map is its negative
SATISFIED	outcome	-	MR-FIX-0001:probe::fold	MR-FIX-0002:probe::Named::Example::static_fn	the-direct-row-names-a-direct-path	-	an outcome of the intent comparator, which is Python with no unit tests: the fixture manifest's rows and the manifest cases are its tests; outcomes have no sentinel file
CORRECT	outcome	-	MR-FIX-0004:probe::macros::len	MR-FIX-0004:probe::fold	the-forbidden-path-is-to-dead-code	-	an outcome of the intent comparator, which is Python with no unit tests: the fixture manifest's rows and the manifest cases are its tests; outcomes have no sentinel file
WIRING_GAP	outcome	-	MR-FIX-0003:probe::unused	MR-FIX-0001:probe::fold	the-gap-loses-its-known-hole	-	an outcome of the intent comparator, which is Python with no unit tests: the fixture manifest's rows and the manifest cases are its tests; outcomes have no sentinel file
ARTIFACT_GAP	outcome	-	MR-FIX-0003:probe::gates::leaked	MR-FIX-0003:probe::unused	-	-	an outcome of the intent comparator, which is Python with no unit tests: the fixture manifest's rows and the manifest cases are its tests; outcomes have no sentinel file; no case moves this outcome's own row yet
UNDECIDED	outcome	-	MR-FIX-0003:probe::Never::Example::instance_fn	MR-FIX-0001:probe::fold	-	-	an outcome of the intent comparator, which is Python with no unit tests: the fixture manifest's rows and the manifest cases are its tests; outcomes have no sentinel file; no case moves this outcome's own row yet
DIRECT_PATH_GAP	outcome	-	MR-FIX-0002:probe::Named::Example::static_fn	MR-FIX-0002:probe::fold	dispatch-is-no-longer-enough	-	an outcome of the intent comparator, which is Python with no unit tests: the fixture manifest's rows and the manifest cases are its tests; outcomes have no sentinel file
ROOT_MISMATCH	outcome	-	MR-FIX-0005:probe::roots::on_load	MR-FIX-0004:probe::roots::on_load	-	-	an outcome of the intent comparator, which is Python with no unit tests: the fixture manifest's rows and the manifest cases are its tests; outcomes have no sentinel file; no case moves this outcome's own row yet
UNEXPECTED_LIVE_PATH	outcome	-	MR-FIX-0004:probe::fold	MR-FIX-0004:probe::macros::len	-	-	an outcome of the intent comparator, which is Python with no unit tests: the fixture manifest's rows and the manifest cases are its tests; outcomes have no sentinel file; no case moves this outcome's own row yet
PRODUCTION_LEAK	outcome	-	MR-FIX-0004:probe::paths::Inherent::get	MR-FIX-0004:probe::fold	-	-	an outcome of the intent comparator, which is Python with no unit tests: the fixture manifest's rows and the manifest cases are its tests; outcomes have no sentinel file; no case moves this outcome's own row yet
REMOVAL_CANDIDATE	outcome	-	MR-FIX-0005:probe::paths::Inherent::get	MR-FIX-0005:probe::paths::Inherent::never_called	-	-	an outcome of the intent comparator, which is Python with no unit tests: the fixture manifest's rows and the manifest cases are its tests; outcomes have no sentinel file; no case moves this outcome's own row yet
DELETE	outcome	-	MR-FIX-0005:probe::paths::Inherent::never_called	MR-FIX-0005:probe::paths::Inherent::get	-	-	an outcome of the intent comparator, which is Python with no unit tests: the fixture manifest's rows and the manifest cases are its tests; outcomes have no sentinel file; no case moves this outcome's own row yet
MISSING_SYMBOL	outcome	-	MR-FIX-0005:probe::nowhere	MR-FIX-0001:probe::fold	-	-	an outcome of the intent comparator, which is Python with no unit tests: the fixture manifest's rows and the manifest cases are its tests; outcomes have no sentinel file; no case moves this outcome's own row yet
AMBIGUOUS_SYMBOL	outcome	-	MR-FIX-0005:probe::outside::Made::From::from	MR-FIX-0005:probe::nowhere	-	-	an outcome of the intent comparator, which is Python with no unit tests: the fixture manifest's rows and the manifest cases are its tests; outcomes have no sentinel file; no case moves this outcome's own row yet
UNSPECIFIED	outcome	-	-	-	-	-	the comparator's report of every production definition no row names: no manifest row carries it, so no row can cite it; every fixture run reports its count
PINNED	pin	test_pins_sealed_from_the_facts_now_read_pinned	-	-	-	-	each state is planted in copies of the fixture's manifest, requirements and pins by ci/test_intent_pins.py; the fixture holds no committed pins, so no fixture reading, mutation case or sentinel names a state
UNPINNED	pin	test_an_orphan_pin_and_an_unpinned_row	-	-	-	-	each state is planted in copies of the fixture's manifest, requirements and pins by ci/test_intent_pins.py; the fixture holds no committed pins, so no fixture reading, mutation case or sentinel names a state
PIN_STALE	pin	test_a_moved_manifest_cell_is_stale_under_its_class;test_a_status_change_is_stale;test_a_code_change_under_a_pin_is_stale_as_code	-	-	-	-	each state is planted in copies of the fixture's manifest, requirements and pins by ci/test_intent_pins.py; the fixture holds no committed pins, so no fixture reading, mutation case or sentinel names a state
PIN_TAMPERED	pin	test_a_hand_edit_is_tampered	-	-	-	-	each state is planted in copies of the fixture's manifest, requirements and pins by ci/test_intent_pins.py; the fixture holds no committed pins, so no fixture reading, mutation case or sentinel names a state
ORPHAN_PIN	pin	test_an_orphan_pin_and_an_unpinned_row	-	-	-	-	each state is planted in copies of the fixture's manifest, requirements and pins by ci/test_intent_pins.py; the fixture holds no committed pins, so no fixture reading, mutation case or sentinel names a state
